SKU,型号P/N,类别,一级分类,分类路径,商品标题,单价USD,销量原文,销量(数值),评论数,标签(热门/新品),库存状态,可选配置,特性标签,主图URL,商品页URL,抓取日期,来源分类页
134657,S3900-48T6S-R,交换机整机/线卡,Switches,Switches > SME Switches,"S3900-48T6S-R, 48 x 1Gb RJ45, 6 x 10Gb SFP+, L2+ Managed Switch",569.0,26.2K Sold,26200,49,Hot,,,Realtek | 10G Uplink | Stacking | VLAN | LACP,https://resource.fs.com/mall/products/800x800/134657.main.jpg,https://www.fs.com/products/134657.html,2026-09-02,https://www.fs.com/c/sme-switches-4235
148181,IES3110-8TFP-R,交换机整机/线卡,Switches,Switches > Industrial Ethernet Switches,"IES3110-8TFP-R, 8 x 1Gb RJ45, 2 x 1Gb SFP, L2+ Managed Industrial PoE+ Switch",209.0,12.9K Sold,12900,38,Hot,,,L2+ PoE+ | IP40 | PTP | ERPS,https://resource.fs.com/mall/mainImg/800x800/20260115165845zkhp8p.jpg,https://www.fs.com/products/148181.html,2026-09-02,https://www.fs.com/c/industrial-ethernet-switches-4073
90131,S3400-24T4FP,交换机整机/线卡,Switches,Switches > SME Switches,"S3400-24T4FP, 24 x 1Gb RJ45, 4 x 1Gb Combo, L2+ Managed PoE+ Switch",549.0,12.9K Sold,12900,45,Hot,,,Realtek | 24 x PoE+ | 370W | ERPS | Voice VLAN,https://resource.fs.com/mall/mainImg/202310271703590pm9zh.jpg,https://www.fs.com/products/90131.html,2026-09-02,https://www.fs.com/c/sme-switches-4235
108710,S5860-20SQ,交换机整机/线卡,Switches,Switches > Enterprise Switches,"S5860-20SQ, 20 x 10Gb SFP+, 4 x 25Gb SFP28, 2 x 40Gb QSFP+, L3 Managed Switch",1999.0,12.4K Sold,12400,99,Hot,,,BCM56170 | L3 | BGP OSPF | 10G SFP+ | Stacking | MLAG | Airware Cloud,https://resource.fs.com/mall/products/800x800/108710.main.jpg,https://www.fs.com/products/108710.html,2026-09-02,https://www.fs.com/c/enterprise-switches-3079
183384,S3900-24T4S-R,交换机整机/线卡,Switches,Switches > SME Switches,"S3900-24T4S-R, 24 x 1Gb RJ45, 4 x 10Gb SFP+, L2+ Managed Switch",449.0,10.4K Sold,10400,3,Hot,,,Realtek | 10G Uplink | Fanless | Stacking | OSPF,https://resource.fs.com/mall/mainImg/202207071523585jyaun.jpg,https://www.fs.com/products/183384.html,2026-09-02,https://www.fs.com/c/sme-switches-4235
115386,S3410-48TS-P,交换机整机/线卡,Switches,Switches > Enterprise Switches,"S3410-48TS-P, 48 x 1Gb RJ45, 2 x 10Gb SFP+, 2 x 1Gb RJ45/SFP, L2+ Managed PoE+ Switch",1589.0,7.6K Sold,7600,31,Hot,,,BCM56150 | L2+ PoE+ | OSPF | 1G RJ45 | Stacking | Airware Cloud,https://resource.fs.com/mall/products/800x800/115386.main.jpg,https://www.fs.com/products/115386.html,2026-09-02,https://www.fs.com/c/enterprise-switches-3079
148180,IES3110-8TF-R,交换机整机/线卡,Switches,Switches > Industrial Ethernet Switches,"IES3110-8TF-R, 8 x 1Gb RJ45, 2 x 1Gb SFP, L2+ Managed Industrial Switch",199.0,6.9K Sold,6900,44,Hot,,,L2+ | IP40 | PTP | ERPS,https://resource.fs.com/mall/mainImg/20230613121358a6ozvw.jpg,https://www.fs.com/products/148180.html,2026-09-02,https://www.fs.com/c/industrial-ethernet-switches-4073
100969,S5800-48T4S,交换机整机/线卡,Switches,Switches > Enterprise Switches,"S5800-48T4S, 48 x 1Gb RJ45, 4 x 10Gb SFP+, L3 Managed Switch",1439.0,5.7K Sold,5700,76,Hot,,,L3 | BGP OSPF | 1G RJ45 | MLAG | MACsec,https://resource.fs.com/mall/mainImg/20231206094356kdct2q.jpg,https://www.fs.com/products/100969.html,2026-09-02,https://www.fs.com/c/enterprise-switches-3079
138511,IES3100-8TF-P,交换机整机/线卡,Switches,Switches > Industrial Ethernet Switches,"IES3100-8TF-P, 8 x 1Gb RJ45, 2 x 1/2.5Gb SFP, L2+ Managed Industrial PoE+ Switch",389.0,5.3K Sold,5300,30,Hot,,,L2+ PoE+ | IP30 | PTP | MRP,https://resource.fs.com/mall/mainImg/20220622175259p6umzs.jpg,https://www.fs.com/products/138511.html,2026-09-02,https://www.fs.com/c/industrial-ethernet-switches-4073
134656,S3900-24F4S-R,交换机整机/线卡,Switches,Switches > SME Switches,"S3900-24F4S-R, 24 x 1Gb SFP, 4 x 10Gb SFP+, L2+ Managed Switch",549.0,5.2K Sold,5200,25,Hot,,,Realtek | 10G Uplink | Stacking | Voice VLAN | OSPF,https://resource.fs.com/mall/products/800x800/134656.main.png,https://www.fs.com/products/134656.html,2026-09-02,https://www.fs.com/c/sme-switches-4235
108718,S3410-24TS-P,交换机整机/线卡,Switches,Switches > Enterprise Switches,"S3410-24TS-P, 24 x 1Gb RJ45, 2 x 10Gb SFP+, 2 x 1Gb RJ45/SFP, L2+ Managed PoE+ Switch",1209.0,5.1K Sold,5100,35,Hot,,,BCM56150 | L2+ PoE+ | OSPF | 1G RJ45 | Stacking | Airware Cloud,https://resource.fs.com/mall/products/800x800/108718.main.jpg,https://www.fs.com/products/108718.html,2026-09-02,https://www.fs.com/c/enterprise-switches-3079
84912,S3700-24T4F,交换机整机/线卡,Switches,Switches > SME Switches,"S3700-24T4F, 24 x 1Gb RJ45, 4 x 1Gb SFP, L2+ Managed Switch",259.0,4.8K Sold,4800,35,,,,Realtek | 1G Uplink | Fanless | LACP | Voice VLAN,https://resource.fs.com/mall/mainImg/800x800/20251223152348ytbot5.jpg,https://www.fs.com/products/84912.html,2026-09-02,https://www.fs.com/c/sme-switches-4235
103011,S3260-16T4FP,交换机整机/线卡,Switches,Switches > SME Switches,"S3260-16T4FP, 16 x 1Gb RJ45, 2 x 1G RJ45/SFP Combo, L2+ Managed PoE+ Switch",449.0,4.7K Sold,4700,36,,,,Realtek | 16 x PoE+ | 250W | VLAN | LACP,https://resource.fs.com/mall/mainImg/800x800/202602031709406kvobn.jpg,https://www.fs.com/products/103011.html,2026-09-02,https://www.fs.com/c/sme-switches-4235
80365,S3260-8T2FP,交换机整机/线卡,Switches,Switches > SME Switches,"S3260-8T2FP, 8 x 1Gb RJ45, 2 x 1Gb SFP, L2+ Managed PoE+ Switch",319.0,4.7K Sold,4700,29,,,,Realtek | 8 x PoE+ | 240W | VLAN | LACP,https://resource.fs.com/mall/mainImg/20231027150232ajfynn.jpg,https://www.fs.com/products/80365.html,2026-09-02,https://www.fs.com/c/sme-switches-4235
115388,S5810-48TS-P,交换机整机/线卡,Switches,Switches > Enterprise Switches,"S5810-48TS-P, 48 x 1Gb RJ45, 4 x 10Gb SFP+, L3 Managed PoE+ Switch",2319.0,4.6K Sold,4600,28,Hot,,,BCM56340 | L3 PoE+ | BGP OSPF | 1G RJ45 | Stacking | Airware Cloud,https://resource.fs.com/mall/products/800x800/115388.main.jpg,https://www.fs.com/products/115388.html,2026-09-02,https://www.fs.com/c/enterprise-switches-3079
108714,S3910-48TS,交换机整机/线卡,Switches,Switches > Enterprise Switches,"S3910-48TS, 48 x 1Gb RJ45, 4 x 10Gb SFP+, L2+ Managed Switch",1049.0,4.4K Sold,4400,25,Hot,,,BCM56150 | L2+ | OSPF | 1G RJ45 | Stacking | Airware Cloud,https://resource.fs.com/mall/products/800x800/108714.main.jpg,https://www.fs.com/products/108714.html,2026-09-02,https://www.fs.com/c/enterprise-switches-3079
160708,S3100-8TMS-P,交换机整机/线卡,Switches,Switches > Enterprise Switches,"S3100-8TMS-P, 8 x 1Gb RJ45, 2 x 5Gb RJ45, 2 x 10Gb SFP+, L2+ Managed PoE+ Switch",449.0,3.9K Sold,3900,12,Hot,,,"BCM56150 | L2+ PoE+ | OSPF | 1G, 5G RJ45 | Fanless | Airware Cloud",https://resource.fs.com/mall/mainImg/800x800/202508071526561hu3rd.jpg,https://www.fs.com/products/160708.html,2026-09-02,https://www.fs.com/c/enterprise-switches-3079
122280,S5850-24S2Q,交换机整机/线卡,Switches,Switches > Enterprise Switches,"S5850-24S2Q, 24 x 10Gb SFP+, 2 x 40Gb QSFP+, L3 Managed Switch",1800.0,3.8K Sold,3800,25,Hot,,,L3 | BGP OSPF | 10G SFP+ | MLAG | MACsec,https://resource.fs.com/mall/products/800x800/122280.main.jpg,https://www.fs.com/products/122280.html,2026-09-02,https://www.fs.com/c/enterprise-switches-3079
173302,S5850-48S6Q-R,交换机整机/线卡,Switches,Switches > Enterprise Switches,"S5850-48S6Q-R, 48 x 10Gb SFP+, 6 x 40Gb QSFP+, L3 Managed Switch",4249.0,3.6K Sold,3600,8,Hot,,,L3 | BGP OSPF | 10G SFP+ | MLAG,https://resource.fs.com/mall/mainImg/20231106103356o4ugbk.jpg,https://www.fs.com/products/173302.html,2026-09-02,https://www.fs.com/c/enterprise-switches-3079
132532,S1900-16TP,交换机整机/线卡,Switches,Switches > SME Switches,"S1900-16TP, 16 x 1Gb RJ45, L2 Unmanaged PoE+ Switch",174.0,3.5K Sold,3500,37,,,,Marvell | 16 x PoE+ | 135W | Fanless | Plug and Play,https://resource.fs.com/mall/products/800x800/fs21c0qz25sh20210819110250.jpg,https://www.fs.com/products/132532.html,2026-09-02,https://www.fs.com/c/sme-switches-4235
165979,S3400-24T4SP,交换机整机/线卡,Switches,Switches > SME Switches,"S3400-24T4SP, 24 x 1Gb RJ45, 4 x 10Gb SFP+, L2+ Managed PoE+ Switch",709.0,3.3K Sold,3300,5,Hot,,,Realtek | 24 x PoE+ | VLAN | LACP | OSPF,https://resource.fs.com/mall/mainImg/202211171827380v2ak9.jpg,https://www.fs.com/products/165979.html,2026-09-02,https://www.fs.com/c/sme-switches-4235
138513,IES3110-16TF,交换机整机/线卡,Switches,Switches > Industrial Ethernet Switches,"IES3110-16TF, 16 x 1Gb RJ45, 2 x 1Gb SFP, L2 Managed Industrial Switch",409.0,3.2K Sold,3200,18,Hot,,,Realtek | L2 | IP30 | ERPS,https://resource.fs.com/mall/products/800x800/138513.main.jpg,https://www.fs.com/products/138513.html,2026-09-02,https://www.fs.com/c/industrial-ethernet-switches-4073
193942,S2805S-48T4S,交换机整机/线卡,Switches,Switches > SME Switches,"S2805S-48T4S, 48 x 1Gb RJ45, 4 x 10Gb SFP+, L3 Smart Managed Switch",349.0,3K Sold,3000,1,Hot,,,Realtek | 10G Uplink | VLAN | LACP | OSPF,https://resource.fs.com/mall/mainImg/800x800/20251125160326xait4j.jpg,https://www.fs.com/products/193942.html,2026-09-02,https://www.fs.com/c/sme-switches-4235
129517,S2800S-48T4F,交换机整机/线卡,Switches,Switches > SME Switches,"S2800S-48T4F, 48 x 1Gb RJ45, 4 x 1Gb SFP, L2+ Smart Managed Switch",349.0,2.9K Sold,2900,12,,,,Realtek | 1G Uplink | VLAN | LACP | DHCP,https://resource.fs.com/mall/products/800x800/129517.main.jpg,https://www.fs.com/products/129517.html,2026-09-02,https://www.fs.com/c/sme-switches-4235
110478,N5860-48SC,交换机整机/线卡,Switches,Switches > Data Center Switches,"N5860-48SC, 48 x 10Gb SFP+, 8 x 100Gb QSFP28, Data Center Switch",5249.0,2.8K Sold,2800,61,Hot,,,TD3-X7 | EVPN-VXLAN | Stacking | MLAG,https://resource.fs.com/mall/products/800x800/110478.E.jpg,https://www.fs.com/products/110478.html,2026-09-02,https://www.fs.com/c/data-center-switches-3404
138510,IES3110-8TF,交换机整机/线卡,Switches,Switches > Industrial Ethernet Switches,"IES3110-8TF, 8 x 1Gb RJ45, 2 x 1/2.5Gb SFP, L2+ Managed Industrial Switch",349.0,2.7K Sold,2700,31,Hot,,,L2+ | IP30 | PTP | ERPS,https://resource.fs.com/mall/products/800x800/138510.main.jpg,https://www.fs.com/products/138510.html,2026-09-02,https://www.fs.com/c/industrial-ethernet-switches-4073
149749,S5500-48T6SP-R,交换机整机/线卡,Switches,Switches > SME Switches,"S5500-48T6SP-R, 48 x 1Gb RJ45, 6 x 10Gb SFP+, L3 Managed PoE+ Switch",1949.0,2.7K Sold,2700,8,Hot,,,Realtek | 48 x PoE+ | 760W | Stacking | 802.1X,https://resource.fs.com/mall/products/800x800/149749.main.jpeg,https://www.fs.com/products/149749.html,2026-09-02,https://www.fs.com/c/sme-switches-4235
108712,S3910-24TS,交换机整机/线卡,Switches,Switches > Enterprise Switches,"S3910-24TS, 24 x 1Gb RJ45, 4 x 10Gb SFP+, L2+ Managed Switch",769.0,2.7K Sold,2700,40,,,,BCM56150 | L2+ | OSPF | 1G RJ45 | Stacking | Airware Cloud,https://resource.fs.com/mall/products/800x800/108712.main.jpg,https://www.fs.com/products/108712.html,2026-09-02,https://www.fs.com/c/enterprise-switches-3079
163157,S3150-8T2F,交换机整机/线卡,Switches,Switches > SME Switches,"S3150-8T2F, 8 x 1Gb RJ45, 2 x 1Gb SFP, L2+ Managed Switch",119.0,2.6K Sold,2600,10,,,,Realtek | 1G Uplink | Fanless | VLAN | LACP,https://resource.fs.com/mall/mainImg/20221103165157okqimn.jpg,https://www.fs.com/products/163157.html,2026-09-02,https://www.fs.com/c/sme-switches-4235
170148,S3400-48T6SP,交换机整机/线卡,Switches,Switches > SME Switches,"S3400-48T6SP, 48 x 1Gb RJ45, 6 x 10Gb SFP+, L2+ Managed PoE+ Switch",1149.0,2.5K Sold,2500,7,Hot,,,Realtek | 48 x PoE+ | 370W | Stacking | OSPF,https://resource.fs.com/mall/mainImg/20230112162839cwaqzr.jpg,https://www.fs.com/products/170148.html,2026-09-02,https://www.fs.com/c/sme-switches-4235
132526,S1900-5T,交换机整机/线卡,Switches,Switches > SME Switches,"S1900-5T, 5 x 1Gb RJ45, L2 Unmanaged Switch",33.0,2K Sold,2000,23,,,,Realtek | Fanless | Plug and Play | Wall-mount,https://resource.fs.com/mall/products/800x800/132526.main.jpg,https://www.fs.com/products/132526.html,2026-09-02,https://www.fs.com/c/sme-switches-4235
132527,S1900-8T,交换机整机/线卡,Switches,Switches > SME Switches,"S1900-8T, 8 x 1Gb RJ45, L2 Unmanaged Switch",40.0,1.8K Sold,1800,20,,,,Realtek | Fanless | Plug and Play | Wall-mount,https://resource.fs.com/mall/products/800x800/132527.main.jpg,https://www.fs.com/products/132527.html,2026-09-02,https://www.fs.com/c/sme-switches-4235
178952,S3950-4T12S-R,交换机整机/线卡,Switches,Switches > Enterprise Switches,"S3950-4T12S-R, 12 x 10Gb SFP+, 4 x 1Gb RJ45, L2+ Managed Switch",1039.0,1.8K Sold,1800,13,Hot,,,L2+ | BGP | 10G SFP+ | MLAG,https://resource.fs.com/mall/mainImg/2023032411525389973j.jpg,https://www.fs.com/products/178952.html,2026-09-02,https://www.fs.com/c/enterprise-switches-3079
108716,S5860-24XB-U,交换机整机/线卡,Switches,Switches > Enterprise Switches,"S5860-24XB-U, 24 x 10Gb RJ45, 4 x 10Gb SFP+, 4 x 25Gb SFP28, L3 Managed PoE++ Switch",4749.0,1.7K Sold,1700,49,,,,BCM56170 | L3 PoE++ | 10G RJ45 Multi. | Stacking | Airware Cloud,https://resource.fs.com/mall/products/800x800/108716.main.jpg,https://www.fs.com/products/108716.html,2026-09-02,https://www.fs.com/c/enterprise-switches-3079
115385,S5860-48SC,交换机整机/线卡,Switches,Switches > Enterprise Switches,"S5860-48SC, 48 x 10Gb SFP+, 8 x 100Gb QSFP28, L3 Managed Switch",4569.0,1.7K Sold,1700,30,Hot,,,TD3-X7 | BGP OSPF | 10G SFP+ | Stacking | Airware Cloud,https://resource.fs.com/mall/products/800x800/115385.main.jpg,https://www.fs.com/products/115385.html,2026-09-02,https://www.fs.com/c/enterprise-switches-3079
201291,IES3220-8T4F-U,交换机整机/线卡,Switches,Switches > Industrial Ethernet Switches,"IES3220-8T4F-U, 8 x 1Gb RJ45, 4 x 1Gb SFP, L2+ Managed Industrial PoE++ Switch",559.0,1.5K Sold,1500,1,Hot,,,Marvell | L2+ PoE++ | IP41 | PROFINET | MRP,https://resource.fs.com/mall/mainImg/20240202181555a1snab.jpg,https://www.fs.com/products/201291.html,2026-09-02,https://www.fs.com/c/industrial-ethernet-switches-4073
230335,S2805S-8TF-P,交换机整机/线卡,Switches,Switches > SME Switches,"S2805S-8TF-P, 8 x 1Gb RJ45, 2 x 1Gb SFP, L2 Smart Managed PoE+ Switch",149.0,1.5K Sold,1500,,,,,Realtek | 8 x PoE+ | 140W | VLAN | LACP,https://resource.fs.com/mall/mainImg/20250301112157og5oik.jpg,https://www.fs.com/products/230335.html,2026-09-02,https://www.fs.com/c/sme-switches-4235
230333,S2805S-8TF,交换机整机/线卡,Switches,Switches > SME Switches,"S2805S-8TF, 8 x 1Gb RJ45, 2 x 1Gb SFP, L2 Smart Managed Switch",94.0,1.5K Sold,1500,,,,,Realtek | 1G Uplink | Fanless | VLAN | LACP,https://resource.fs.com/mall/mainImg/20250301112047coqyek.jpg,https://www.fs.com/products/230333.html,2026-09-02,https://www.fs.com/c/sme-switches-4235
99540,S5800-48F4SR,交换机整机/线卡,Switches,Switches > Enterprise Switches,"S5800-48F4SR, 48 x 1Gb SFP, 4 x 10Gb SFP+, L3 Managed Switch",1999.0,1.5K Sold,1500,18,Hot,,,L3 | BGP OSPF | 1G SFP | MLAG | MPLS | MACsec,https://resource.fs.com/mall/mainImg/20231018155751f1vb37.jpg,https://www.fs.com/products/99540.html,2026-09-02,https://www.fs.com/c/enterprise-switches-3079
149747,S5850-24XMG,交换机整机/线卡,Switches,Switches > Enterprise Switches,"S5850-24XMG, 24 x 10Gb RJ45, 2 x 100Gb QSFP28, L3 Managed Switch",2859.0,1.5K Sold,1500,22,Hot,,,L3 | BGP OSPF | 10G RJ45 Multi. | MLAG | MACsec,https://resource.fs.com/mall/products/800x800/149747.main.jpeg,https://www.fs.com/products/149747.html,2026-09-02,https://www.fs.com/c/enterprise-switches-3079
110479,N8560-48BC,交换机整机/线卡,Switches,Switches > Data Center Switches,"N8560-48BC, 48 x 25Gb SFP28, 8 x 100Gb QSFP28, Data Center Switch",6119.0,1.4K Sold,1400,22,Hot,,,TD3-X7 | EVPN-VXLAN | Stacking | MLAG,https://resource.fs.com/mall/products/800x800/110479.E.jpg,https://www.fs.com/products/110479.html,2026-09-02,https://www.fs.com/c/data-center-switches-3404
138509,IES3100-8TF,交换机整机/线卡,Switches,Switches > Industrial Ethernet Switches,"IES3100-8TF, 8 x 1Gb RJ45, 2 x 1/2.5Gb SFP, L2+ Managed Industrial Switch",319.0,1.4K Sold,1400,37,Hot,,,L2+ | IP40 | PTP | MRP,https://resource.fs.com/mall/products/800x800/138509.main.jpeg,https://www.fs.com/products/138509.html,2026-09-02,https://www.fs.com/c/industrial-ethernet-switches-4073
220445,S3250-16TF-U,交换机整机/线卡,Switches,Switches > SME Switches,"S3250-16TF-U, 16 x 1Gb RJ45, 2 x 1Gb Combo, L2 Managed PoE++ Switch",249.0,1.4K Sold,1400,,,,,Realtek | 16 x PoE++ | 370W | VLAN | LACP,https://resource.fs.com/mall/mainImg/20240808173136iddv9r.jpg,https://www.fs.com/products/220445.html,2026-09-02,https://www.fs.com/c/sme-switches-4235
157457,S3200-8MG4S-U,交换机整机/线卡,Switches,Switches > SME Switches,"S3200-8MG4S-U, 8 x 2.5Gb RJ45, 4 x 10Gb SFP+, L2+ Managed PoE+ Switch",589.0,1.3K Sold,1300,7,,,,Realtek | 8 x PoE+ | 250W | Multi-Gig | VLAN,https://resource.fs.com/mall/mainImg/20220720104853nsbf58.jpg,https://www.fs.com/products/157457.html,2026-09-02,https://www.fs.com/c/sme-switches-4235
252735,S2500L-24T,交换机整机/线卡,Switches,Switches > SME Switches,"S2500L-24T, 24 x 1Gb RJ45, L2 Unmanaged Switch",81.0,1.2K Sold,1200,,,,,Fanless | Plug and Play,https://resource.fs.com/mall/mainImg/800x800/20251125160607pjznmx.jpg,https://www.fs.com/products/252735.html,2026-09-02,https://www.fs.com/c/sme-switches-4235
160710,S3100-16TMS-P,交换机整机/线卡,Switches,Switches > Enterprise Switches,"S3100-16TMS-P, 16 x 1Gb RJ45, 2 x 5Gb RJ45, 2 x 10Gb SFP+, L2+ Managed PoE+ Switch",549.0,1.2K Sold,1200,12,,,,"BCM56150 | L2+ PoE+ | OSPF | 1G, 5G RJ45 | Fanless | Airware Cloud",https://resource.fs.com/mall/mainImg/800x800/20250807152656s6jjzq.jpg,https://www.fs.com/products/160710.html,2026-09-02,https://www.fs.com/c/enterprise-switches-3079
110480,N8560-32C,交换机整机/线卡,Switches,Switches > Data Center Switches,"N8560-32C, 32 x 100Gb QSFP28, Data Center Switch",7919.0,1.1K Sold,1100,23,Hot,,,TD3-X7 | EVPN-VXLAN | Stacking | MLAG,https://resource.fs.com/mall/products/800x800/110480.E.jpg,https://www.fs.com/products/110480.html,2026-09-02,https://www.fs.com/c/data-center-switches-3404
201295,TSN3220-10S-U,交换机整机/线卡,Switches,Switches > Industrial Ethernet Switches,"TSN3220-10S-U, 8 x 1Gb RJ45, 2 x 1/10Gb SFP+, L2 Managed Industrial PoE++ Switch",599.0,1.1K Sold,1100,,Hot,,,Marvell | L2 PoE++ | IP41 | TSN | ERPS,https://resource.fs.com/mall/mainImg/202403071454356rjlvm.jpg,https://www.fs.com/products/201295.html,2026-09-02,https://www.fs.com/c/industrial-ethernet-switches-4073
192848,S5800-24T8S,交换机整机/线卡,Switches,Switches > Enterprise Switches,"S5800-24T8S, 24 x 1Gb RJ45, 8 x 10Gb SFP+, L3 Managed Switch",1089.0,1.1K Sold,1100,8,,,,L3 | BGP OSPF | 1G RJ45 | MLAG | MACsec,https://resource.fs.com/mall/mainImg/800x800/20260804162955r04h8k.jpg,https://www.fs.com/products/192848.html,2026-09-02,https://www.fs.com/c/enterprise-switches-3079
115382,S3910-24TF,交换机整机/线卡,Switches,Switches > Enterprise Switches,"S3910-24TF, 24 x 1Gb RJ45, 4 x 1Gb SFP, L2+ Managed Switch",369.0,1K Sold,1000,14,,,,BCM56152 | L2+ | OSPF | 1G RJ5 | Stacking | Airware Cloud,https://resource.fs.com/mall/products/800x800/115382.main.jpg,https://www.fs.com/products/115382.html,2026-09-02,https://www.fs.com/c/enterprise-switches-3079
220447,S3250-24TF-U,交换机整机/线卡,Switches,Switches > SME Switches,"S3250-24TF-U, 24 x 1Gb RJ45, 2 x 1Gb Combo, L2 Managed PoE++ Switch",349.0,1K Sold,1000,,,,,Realtek | 24 x PoE++ | 370W | VLAN | LACP,https://resource.fs.com/mall/mainImg/2024071910420311zuef.jpg,https://www.fs.com/products/220447.html,2026-09-02,https://www.fs.com/c/sme-switches-4235
201289,IES3220-8T4F,交换机整机/线卡,Switches,Switches > Industrial Ethernet Switches,"IES3220-8T4F, 8 x 1Gb RJ45, 4 x 1Gb SFP, L2+ Managed Industrial Switch",379.0,1K Sold,1000,,,,,Marvell | L2+ | IP41 | PROFINET | MRP,https://resource.fs.com/mall/mainImg/20240203144016onp2xj.jpg,https://www.fs.com/products/201289.html,2026-09-02,https://www.fs.com/c/industrial-ethernet-switches-4073
158185,S8550-6Q2C,交换机整机/线卡,Switches,Switches > Enterprise Switches,"S8550-6Q2C, 6 x 40Gb QSFP+, 2 x 100Gb QSFP28, L3 Managed Switch",1549.0,971 Sold,971,3,Hot,,,L3 | EVPN-VXLAN | 40G OSFP+ | MLAG | MPLS | MACsec,https://resource.fs.com/mall/mainImg/800x800/202304271546408ddfo9.jpg,https://www.fs.com/products/158185.html,2026-09-02,https://www.fs.com/c/enterprise-switches-3079
184242,S5850-24B4C,交换机整机/线卡,Switches,Switches > Enterprise Switches,"S5850-24B4C, 24 x 25Gb SFP28, 4 x 100Gb QSFP28, L3 Managed Switch",4689.0,937 Sold,937,4,,,,L3 | EVPN-VXLAN | 25G SFP28 | MLAG | MPLS | PTP,https://resource.fs.com/mall/mainImg/20230515094322evbumn.jpg,https://www.fs.com/products/184242.html,2026-09-02,https://www.fs.com/c/enterprise-switches-3079
177447,T5850-48S6Q-R,交换机整机/线卡,Switches,Switches > Data Center Switches,"T5850-48S6Q-R, 48 x 10G SFP+, 6 x 40G QSFP+, Rack-level Visibility and Monitoring",10600.0,798 Sold,798,18,Hot,,,HD 720G | 0.72Tbps | 1071.4 Mpps | 700ns Latency,https://resource.fs.com/mall/mainImg/202305151443175692qx.jpg,https://www.fs.com/products/177447.html,2026-09-02,https://www.fs.com/c/data-center-switches-3404
115384,S5810-48FS,交换机整机/线卡,Switches,Switches > Enterprise Switches,"S5810-48FS, 48 x 1Gb SFP, 4 x 10Gb SFP+, L3 Managed Switch",2410.0,748 Sold,748,24,,,,BCM56340 | L3 | BGP OSPF | 1G SFP | Stacking | Airware Cloud,https://resource.fs.com/mall/products/800x800/115384.main.jpg,https://www.fs.com/products/115384.html,2026-09-02,https://www.fs.com/c/enterprise-switches-3079
127672,S5800-48MBQ,交换机整机/线卡,Switches,Switches > Enterprise Switches,"S5800-48MBQ, 48 x 2.5G RJ45, 4 x 25Gb SFP28, 2 x 40Gb QSFP+, L3 Managed Switch",2999.0,743 Sold,743,12,,,,L3 | BGP OSPF | 2.5G RJ45 Multi. | MLAG | MACsec,https://resource.fs.com/mall/products/800x800/127672.main.jpeg,https://www.fs.com/products/127672.html,2026-09-02,https://www.fs.com/c/enterprise-switches-3079
186775,S5860-48XMG-U,交换机整机/线卡,Switches,Switches > Enterprise Switches,"S5860-48XMG-U, 48 x 10Gb RJ45, 4 x 25Gb SFP28, 2 x 40Gb QSFP+, L3 Managed PoE++ Switch",6249.0,730 Sold,730,7,,,,BCM56170 | L3 PoE++ | BGP OSPF | 10G RJ45 Multi. | Stacking | Airware Cloud,https://resource.fs.com/mall/mainImg/20230614120321kyvwfl.jpg,https://www.fs.com/products/186775.html,2026-09-02,https://www.fs.com/c/enterprise-switches-3079
157444,S5850-48B8C,交换机整机/线卡,Switches,Switches > Enterprise Switches,"S5850-48B8C, 48 x 25Gb SFP28, 8 x 100Gb QSFP28, L3 Managed Switch",6169.0,724 Sold,724,5,Hot,,,L3 | EVPN-VXLAN | 25G SFP28 | MLAG | MPLS | PTP,https://resource.fs.com/mall/mainImg/20231127101316um3gpc.jpg,https://www.fs.com/products/157444.html,2026-09-02,https://www.fs.com/c/enterprise-switches-3079
160709,S3100-16TF-P,交换机整机/线卡,Switches,Switches > Enterprise Switches,"S3100-16TF-P, 16 x 1Gb RJ45, 2 x 1Gb SFP, L2+ Managed PoE+ Switch",439.0,719 Sold,719,6,,,,BCM56150 | L2+ PoE+ | OSPF | 1G RJ45 | Fanless | Airware Cloud,https://resource.fs.com/mall/mainImg/800x800/20250807152656qvjcrn.jpg,https://www.fs.com/products/160709.html,2026-09-02,https://www.fs.com/c/enterprise-switches-3079
149844,S3410-24TF-P,交换机整机/线卡,Switches,Switches > Enterprise Switches,"S3410-24TF-P, 24 x 1Gb RJ45, 4 x 1Gb SFP, L2+ Managed PoE+ Switch",609.0,697 Sold,697,12,,,,BCM56150 | L2+ PoE+ | OSPF | 1G RJ45 | Stacking | Airware Cloud,https://resource.fs.com/mall/products/800x800/149844.main.jpeg,https://www.fs.com/products/149844.html,2026-09-02,https://www.fs.com/c/enterprise-switches-3079
254803,S5850-48XMG8C,交换机整机/线卡,Switches,Switches > Enterprise Switches,"S5850-48XMG8C, 48 x 10Gb RJ45, 8 x 100Gb QSFP28, L3 Managed Switch",5960.0,697 Sold,697,,,,,L3 | EVPN-VXLAN | 10G RJ45 Multi. | MLAG,https://resource.fs.com/mall/mainImg/20250226164736oss8kg.jpg,https://www.fs.com/products/254803.html,2026-09-02,https://www.fs.com/c/enterprise-switches-3079
230339,S2805S-24TF-P,交换机整机/线卡,Switches,Switches > SME Switches,"S2805S-24TF-P, 24 x 1Gb RJ45, 4 x 1Gb SFP, L2 Smart Managed PoE+ Switch",319.0,695 Sold,695,,,,,Realtek | 24 x PoE+ | 370W | VLAN | LACP,https://resource.fs.com/mall/mainImg/800x800/20251125155022a5cm1r.jpg,https://www.fs.com/products/230339.html,2026-09-02,https://www.fs.com/c/sme-switches-4235
115383,S5810-28FS,交换机整机/线卡,Switches,Switches > Enterprise Switches,"S5810-28FS, 28 x 1Gb SFP, 4 x 10Gb SFP+, L3 Managed Switch",1719.0,651 Sold,651,19,,,,BCM56342 | L3 | BGP OSPF | 1G SFP | Stacking | Airware Cloud,https://resource.fs.com/mall/products/800x800/115383.main.jpg,https://www.fs.com/products/115383.html,2026-09-02,https://www.fs.com/c/enterprise-switches-3079
176342,IES3110-8TFM-P,交换机整机/线卡,Switches,Switches > Industrial Ethernet Switches,"IES3110-8TFM-P, 8 x 1Gb RJ45, 2 x 1Gb RJ45, 2 x 1Gb SFP, 2 x 1/2.5Gb SFP, L2+ Managed Industrial PoE+ Switch",649.0,650 Sold,650,3,Hot,,,L2+ PoE+ | IP30 | PTP | ERPS,https://resource.fs.com/mall/mainImg/2023080916595332kbh4.jpg,https://www.fs.com/products/176342.html,2026-09-02,https://www.fs.com/c/industrial-ethernet-switches-4073
240829,S5850C-12XMS2C,交换机整机/线卡,Switches,Switches > Enterprise Switches,"S5850C-12XMS2C, 12 x 10Gb SFP+, 12 x 10Gb RJ45, 2 x 100Gb QSFP28, L3 Managed AV over IP Switch",2159.0,631 Sold,631,2,,,,"L3 AVoIP | BGP OSPF | 10G SFP+, 10G RJ45 Multi. | MLAG",https://resource.fs.com/mall/mainImg/20241016095900cw6pri.jpg,https://www.fs.com/products/240829.html,2026-09-02,https://www.fs.com/c/enterprise-switches-3079
155948,S8550-32C,交换机整机/线卡,Switches,Switches > Enterprise Switches,"S8550-32C, 32 x 100Gb QSFP28, L3 Managed Switch, Front-to-Back Airflow",7959.0,603 Sold,603,8,Hot,,,L3 | EVPN-VXLAN | 100Gb QSFP28 | MLAG | MPLS | MACsec,https://resource.fs.com/mall/mainImg/20220630170937rzcz2d.jpg,https://www.fs.com/products/155948.html,2026-09-02,https://www.fs.com/c/enterprise-switches-3079
207189,S5860-20SQ (PicOS),交换机整机/线卡,Switches,Switches > PicOS® Enterprise Switches,"S5860-20SQ, 20 x 10Gb SFP+, 4 x 25Gb SFP28, 2 x 40Gb QSFP+, PicOS®, L3 Managed Switch",2199.0,572 Sold,572,20,Hot,,,BCM56170 | L3 | BGP OSPF | 10G SFP+,https://resource.fs.com/mall/products/800x800/108710.main.jpg,https://www.fs.com/products/207189.html,2026-09-02,https://www.fs.com/c/picos-enterprise-switches-4223
192137,S5850-16T16BS2Q,交换机整机/线卡,Switches,Switches > Enterprise Switches,"S5850-16T16BS2Q, 16 x 1Gb RJ45, 8 x 10Gb SFP+, 8 x 25Gb SFP28, 2 x 40Gb QSFP+, L3 Managed Switch",2869.0,566 Sold,566,,Hot,,,L3 | BGP OSPF | 1G RJ45 | MLAG,https://resource.fs.com/mall/mainImg/20230922153405i3wnsr.jpg,https://www.fs.com/products/192137.html,2026-09-02,https://www.fs.com/c/enterprise-switches-3079
138514,IES5100-24TF,交换机整机/线卡,Switches,Switches > Industrial Ethernet Switches,"IES5100-24TF, 24 x 1Gb RJ45, 4 x 1Gb SFP, L2+ Managed Industrial Switch",739.0,540 Sold,540,13,,,,Realtek | L2+ | IP40 | ERPS,https://resource.fs.com/mall/mainImg/800x800/20250819170101jcot2k.jpg,https://www.fs.com/products/138514.html,2026-09-02,https://www.fs.com/c/industrial-ethernet-switches-4073
161350,IES5100-16TS,交换机整机/线卡,Switches,Switches > Industrial Ethernet Switches,"IES5100-16TS, 16 x 1Gb RJ45, 4 x 10Gb SFP+, L2+ Managed Industrial Switch",919.0,521 Sold,521,1,,,,Realtek | L2+ | IP40 | Stacking | ERPS,https://resource.fs.com/mall/mainImg/20221109122219cmcmpj.jpg,https://www.fs.com/products/161350.html,2026-09-02,https://www.fs.com/c/industrial-ethernet-switches-4073
189432,S5860-24XMG,交换机整机/线卡,Switches,Switches > Enterprise Switches,"S5860-24XMG, 24 x 10Gb RJ45, 4 x 10Gb SFP+, 4 x 25Gb SFP28, L3 Managed Switch",3299.0,509 Sold,509,3,,,,BCM56170 | L3 | BGP OSPF | 10G RJ45 Multi. | Stacking | Airware Cloud,https://resource.fs.com/mall/mainImg/2023080316435317ulu7.jpg,https://www.fs.com/products/189432.html,2026-09-02,https://www.fs.com/c/enterprise-switches-3079
252733,S2500L-18T2F-P,交换机整机/线卡,Switches,Switches > SME Switches,"S2500L-18T2F-P, 18 x 1Gb RJ45, 2 x 1Gb SFP, L2 Unmanaged PoE+ Switch",159.0,506 Sold,506,,,,,16 x PoE+ | 240W | Plug and Play | Rackmount,https://resource.fs.com/mall/mainImg/800x800/20251125160031b6apbq.jpg,https://www.fs.com/products/252733.html,2026-09-02,https://www.fs.com/c/sme-switches-4235
230337,S2805S-24TF,交换机整机/线卡,Switches,Switches > SME Switches,"S2805S-24TF, 24 x 1Gb RJ45, 4 x 1Gb SFP, L2 Smart Managed Switch",189.0,471 Sold,471,,,,,Realtek | 1G Uplink | Fanless | VLAN | LACP,https://resource.fs.com/mall/mainImg/20250328165238slnamm.jpg,https://www.fs.com/products/230337.html,2026-09-02,https://www.fs.com/c/sme-switches-4235
157434,S3200-8MG4S,交换机整机/线卡,Switches,Switches > SME Switches,"S3200-8MG4S, 8 x 2.5Gb RJ45, 4 x 10Gb SFP+, L2+ Managed Switch",519.0,469 Sold,469,6,,,,Realtek | 10G Uplink | Multi-Gig | VLAN | LACP,https://resource.fs.com/mall/mainImg/800x800/202511211540176zqw7s.jpg,https://www.fs.com/products/157434.html,2026-09-02,https://www.fs.com/c/sme-switches-4235
185533,S5300-12S,交换机整机/线卡,Switches,Switches > SME Switches,"S5300-12S, 12 x 10Gb SFP+, L3 Managed Switch",1149.0,461 Sold,461,6,,,,Realtek | Stacking | BGP | RIP | OSPF,https://resource.fs.com/mall/mainImg/202306161625553jmb7w.jpg,https://www.fs.com/products/185533.html,2026-09-02,https://www.fs.com/c/sme-switches-4235
160919,S3100-16TF,交换机整机/线卡,Switches,Switches > Enterprise Switches,"S3100-16TF, 16 x 1Gb RJ45, 2 x 1Gb SFP, L2+ Managed Switch",329.0,433 Sold,433,6,,,,BCM56150 | L2+ | OSPF | 1G RJ45 | Fanless | Airware Cloud,https://resource.fs.com/mall/mainImg/800x800/20250807153313rnsqez.jpg,https://www.fs.com/products/160919.html,2026-09-02,https://www.fs.com/c/enterprise-switches-3079
157443,S5850-48S8C,交换机整机/线卡,Switches,Switches > Enterprise Switches,"S5850-48S8C, 48 x 10Gb SFP+, 8 x 100Gb QSFP28, L3 Managed Switch, AC Power",5199.0,424 Sold,424,12,,,,L3 | EVPN-VXLAN | 10G SFP+ | MLAG | MPLS,https://resource.fs.com/mall/mainImg/20240618104833yp7j7m.jpg,https://www.fs.com/products/157443.html,2026-09-02,https://www.fs.com/c/enterprise-switches-3079
201287,IES3220-4T2F,交换机整机/线卡,Switches,Switches > Industrial Ethernet Switches,"IES3220-4T2F, 4 x 1Gb RJ45, 2 x 1Gb SFP, L2+ Managed Industrial Switch",309.0,418 Sold,418,,,,,Marvell | L2+ | IP41 | PROFINET | MRP,https://resource.fs.com/mall/mainImg/20240202122102uv1dfu.jpg,https://www.fs.com/products/201287.html,2026-09-02,https://www.fs.com/c/industrial-ethernet-switches-4073
176340,IES3100-16TM,交换机整机/线卡,Switches,Switches > Industrial Ethernet Switches,"IES3100-16TM, 16 x 1Gb RJ45, 4 x 1/2.5Gb SFP, L2 Managed Industrial Switch",739.0,410 Sold,410,2,,,,BCM53547 | L2 | IP30 | ERPS,https://resource.fs.com/mall/mainImg/20230317142356wt1fqp.jpg,https://www.fs.com/products/176340.html,2026-09-02,https://www.fs.com/c/industrial-ethernet-switches-4073
150494,S5850-24S2C,交换机整机/线卡,Switches,Switches > Enterprise Switches,"S5850-24S2C, 24 x 10Gb SFP+, 2 x 100Gb QSFP28, L3 Managed Switch, AC Power",3109.0,391 Sold,391,8,,,,L3 | EVPN-VXLAN | 10G SFP+ | MLAG | MPLS | MACsec,https://resource.fs.com/mall/products/800x800/150494.main.jpeg,https://www.fs.com/products/150494.html,2026-09-02,https://www.fs.com/c/enterprise-switches-3079
138512,IES3110-8TF-P,交换机整机/线卡,Switches,Switches > Industrial Ethernet Switches,"IES3110-8TF-P, 8 x 1Gb RJ45, 2 x 1/2.5Gb SFP, L2+ Managed Industrial PoE+ Switch",549.0,385 Sold,385,1,,,,L2+ PoE+ | IP30 | PTP | ERPS,https://resource.fs.com/mall/mainImg/20230117182442d8xi3f.jpg,https://www.fs.com/products/138512.html,2026-09-02,https://www.fs.com/c/industrial-ethernet-switches-4073
138515,IES3110-24TF,交换机整机/线卡,Switches,Switches > Industrial Ethernet Switches,"IES3110-24TF, 20 x 1Gb RJ45, 4 x 1Gb Combo, L2+ Managed Industrial Switch",749.0,375 Sold,375,18,,,,L2+ | IP30 | ERPS,https://resource.fs.com/mall/mainImg/800x800/20250902114107suwcch.jpg,https://www.fs.com/products/138515.html,2026-09-02,https://www.fs.com/c/industrial-ethernet-switches-4073
149847,S5810-28TS,交换机整机/线卡,Switches,Switches > Enterprise Switches,"S5810-28TS, 28 x 1Gb RJ45, 4 x 10Gb SFP+, L3 Managed Switch",1169.0,375 Sold,375,12,,,,BCM56342 | L3 | BGP OSPF | 1G RJ45 | Stacking | Airware Cloud,https://resource.fs.com/mall/1G-10G-Switches/800x800/20220525181802_185_149847.jpg,https://www.fs.com/products/149847.html,2026-09-02,https://www.fs.com/c/enterprise-switches-3079
329205,S3150-8T2FP,交换机整机/线卡,Switches,Switches > SME Switches,"S3150-8T2FP, 8 x 1Gb RJ45, 2 x 1Gb SFP, L2+ Managed PoE+ Switch",289.0,357 Sold,357,,,,,Realtek | 8 x PoE+ | 130W | Fanless | VLAN,https://resource.fs.com/mall/mainImg/20230119104343o1vneh.jpg,https://www.fs.com/products/329205.html,2026-09-02,https://www.fs.com/c/sme-switches-4235
149846,S5810-48TS,交换机整机/线卡,Switches,Switches > Enterprise Switches,"S5810-48TS, 48 x 1Gb RJ45, 4 x 10Gb SFP+, L3 Managed Switch",1509.0,350 Sold,350,10,,,,BCM56340 | L3 | BGP OSPF | 1G RJ45 | Stacking | Airware Cloud,https://resource.fs.com/mall/mainImg/20220919163009imgnki.jpg,https://www.fs.com/products/149846.html,2026-09-02,https://www.fs.com/c/enterprise-switches-3079
201301,IES5120-28TS-P,交换机整机/线卡,Switches,Switches > Industrial Ethernet Switches,"IES5120-28TS-P, 24 x 1Gb RJ45, 4 x 1/10Gb SFP+, L2+ Managed Industrial PoE++ Switch",1019.0,271 Sold,271,,,,,Marvell | L2+ PoE++ | IP40 | PROFINET | MRP,https://resource.fs.com/mall/mainImg/20240115173609p51v0x.jpg,https://www.fs.com/products/201301.html,2026-09-02,https://www.fs.com/c/industrial-ethernet-switches-4073
223013,S3410-48TS-P (PicOS),交换机整机/线卡,Switches,Switches > PicOS® Enterprise Switches,"S3410-48TS-P, 48 x 1Gb RJ45, 2 x 10Gb SFP+, 2 x 1Gb RJ45/SFP, PicOS®, L2+ Managed PoE+ Switch",1619.0,269 Sold,269,,Hot,,,BCM56150 | L2+ PoE+ | OSPF | 1G RJ45,https://resource.fs.com/mall/products/800x800/115386.main.jpg,https://www.fs.com/products/223013.html,2026-09-02,https://www.fs.com/c/picos-enterprise-switches-4223
205267,N5580-48Y8C,交换机整机/线卡,Switches,Switches > PicOS® Data Center Switches,"N5580-48Y8C, 48 x 25Gb SFP28, 8 x 100Gb QSFP28, PicOS®, Data Center Switch",7749.0,261 Sold,261,7,Hot,,,TD3-X7 | EVPN-VXLAN | MLAG | EVPN Multihoming,https://resource.fs.com/mall/mainImg/800x800/20260330172316pib2ak.jpg,https://www.fs.com/products/205267.html,2026-09-02,https://www.fs.com/c/picos-data-center-switches-5125
206801,S5810-48TS-P (PicOS),交换机整机/线卡,Switches,Switches > PicOS® Enterprise Switches,"S5810-48TS-P, 48 x 1Gb RJ45, 4 x 10Gb SFP+, PicOS®, L3 Managed PoE+ Switch",2369.0,259 Sold,259,5,Hot,,,BCM56340 | L3 PoE+ | BGP OSPF | 1G RJ45,https://resource.fs.com/mall/products/800x800/115388.main.jpg,https://www.fs.com/products/206801.html,2026-09-02,https://www.fs.com/c/picos-enterprise-switches-4223
240833,S3400C-24MG4S,交换机整机/线卡,Switches,Switches > SME Switches,"S3400C-24MG4S, 24 x 2.5Gb RJ45, 4 x 10Gb SFP+, L2+ Managed Switch",719.0,249 Sold,249,1,,,,Realtek | 10G Uplink | Multi-Gig | Compact | LACP,https://resource.fs.com/mall/mainImg/20241016100219uyf8yh.jpeg,https://www.fs.com/products/240833.html,2026-09-02,https://www.fs.com/c/sme-switches-4235
329355,S3240-8P,交换机整机/线卡,Switches,Switches > SME Switches,"S3240-8P, 8 x 1Gb RJ45, 4 x 10Gb SFP+, L2+ Managed PoE+ Switch",379.0,248 Sold,248,,,,,Realtek | 8 x PoE+ | 120W | Compact | Fanless | Stacking,https://resource.fs.com/mall/mainImg/800x800/202507041810004tn3x4.jpg,https://www.fs.com/products/329355.html,2026-09-02,https://www.fs.com/c/sme-switches-4235
240835,S3400C-24MG4S-P,交换机整机/线卡,Switches,Switches > SME Switches,"S3400C-24MG4S-P, 24 x 2.5Gb RJ45, 4 x 10Gb SFP+, L2+ Managed PoE+ Switch",929.0,246 Sold,246,,,,,Realtek | 24 x PoE+ | 380W | Multi-Gig | Compact | LACP,https://resource.fs.com/mall/mainImg/800x800/202601041649473816d9.jpg,https://www.fs.com/products/240835.html,2026-09-02,https://www.fs.com/c/sme-switches-4235
205269,N5580-32C (B2F),交换机整机/线卡,Switches,Switches > PicOS® Data Center Switches,"N5580-32C, 32 x 100Gb QSFP28, PicOS®, Data Center Switch, Back-to-Front Airflow",7919.0,245 Sold,245,5,Hot,,,TD3-X7 | EVPN-VXLAN | MLAG | EVPN Multihoming,https://resource.fs.com/mall/mainImg/800x800/202607081006046cv5zw.jpg,https://www.fs.com/products/205269.html,2026-09-02,https://www.fs.com/c/picos-data-center-switches-5125
189433,S5860-48XMG,交换机整机/线卡,Switches,Switches > Enterprise Switches,"S5860-48XMG, 48 x 10Gb RJ45, 4 x 25Gb SFP28, 2 x 40Gb QSFP+, L3 Managed Switch",5659.0,243 Sold,243,2,,,,BCM56170 | L3 | BGP OSPF | 10G RJ45 Multi. | Stacking | Airware Cloud,https://resource.fs.com/mall/mainImg/20230804151238j5zin9.jpg,https://www.fs.com/products/189433.html,2026-09-02,https://www.fs.com/c/enterprise-switches-3079
240831,S5850C-24XMG2C,交换机整机/线卡,Switches,Switches > Enterprise Switches,"S5850C-24XMG2C, 24 x 10Gb RJ45, 2 x 100Gb QSFP28, L3 Managed AV over IP Switch",2369.0,229 Sold,229,,,,,L3 AVoIP | BGP OSPF | 10G RJ45 Multi. | MLAG,https://resource.fs.com/mall/mainImg/20241016100114lk9xaj.jpg,https://www.fs.com/products/240831.html,2026-09-02,https://www.fs.com/c/enterprise-switches-3079
223001,S3410-48TS (PicOS),交换机整机/线卡,Switches,Switches > PicOS® Enterprise Switches,"S3410-48TS, 48 x 1Gb RJ45, 4 x 10Gb SFP+, PicOS®, L2+ Managed Switch",1089.0,225 Sold,225,1,Hot,,,BCM56150 | L2+ | OSPF | 1G RJ45,https://resource.fs.com/mall/mainImg/20240829153448azil3t.jpg,https://www.fs.com/products/223001.html,2026-09-02,https://www.fs.com/c/picos-enterprise-switches-4223
201299,IES5120-28TS,交换机整机/线卡,Switches,Switches > Industrial Ethernet Switches,"IES5120-28TS, 16 x 1Gb RJ45, 8 x 1Gb Combo, 4 x 1/10Gb SFP+, L2+ Managed Industrial Switch",886.0,223 Sold,223,,,,,Marvell | L2+ | IP40 | PROFINET | MRP,https://resource.fs.com/mall/mainImg/800x800/202508191701155ywsw8.jpg,https://www.fs.com/products/201299.html,2026-09-02,https://www.fs.com/c/industrial-ethernet-switches-4073
201293,TSN3220-10S,交换机整机/线卡,Switches,Switches > Industrial Ethernet Switches,"TSN3220-10S, 8 x 1Gb RJ45, 2 x 1/10Gb SFP+, L2 Managed Industrial Switch",509.0,219 Sold,219,,,,,Marvell | L2 | IP41 | TSN | ERPS,https://resource.fs.com/mall/mainImg/20240307142622u2mmmf.jpg,https://www.fs.com/products/201293.html,2026-09-02,https://www.fs.com/c/industrial-ethernet-switches-4073
346095,S5460C-14C,交换机整机/线卡,Switches,Switches > Enterprise Switches,"S5460C-14C, 14 x 100Gb QSFP28, 4 x 25G SFP28, L3 Managed AV over IP Switch",3399.0,218 Sold,218,,,,,L3 AVoIP | BGP OSPF | 100G QSFP28 | MLAG,https://resource.fs.com/mall/mainImg/800x800/20250903140351dgmpji.jpg,https://www.fs.com/products/346095.html,2026-09-02,https://www.fs.com/c/enterprise-switches-3079
161349,IES5100-24FS,交换机整机/线卡,Switches,Switches > Industrial Ethernet Switches,"IES5100-24FS, 16 x 1Gb SFP, 8 x 1Gb Combo, 4 x 10Gb SFP+, L2+ Managed Industrial Switch",1149.0,215 Sold,215,1,,,,Realtek | L2+ | IP40 | Stacking | ERPS,https://resource.fs.com/mall/mainImg/800x800/202508201012338eb23p.jpg,https://www.fs.com/products/161349.html,2026-09-02,https://www.fs.com/c/industrial-ethernet-switches-4073
178834,S5850-24XMG-U,交换机整机/线卡,Switches,Switches > Enterprise Switches,"S5850-24XMG-U, 24 x 10Gb RJ45, 2 x 100Gb QSFP28, L3 Managed PoE++ Switch",3859.0,200 Sold,200,6,,,,L3 PoE++ | BGP OSPF | 10G RJ45 Multi. | MLAG | MPLS | MACsec,https://resource.fs.com/mall/mainImg/2022100717555413lyie.jpg,https://www.fs.com/products/178834.html,2026-09-02,https://www.fs.com/c/enterprise-switches-3079
240827,S5850C-24S2C,交换机整机/线卡,Switches,Switches > Enterprise Switches,"S5850C-24S2C, 24 x 10Gb SFP+, 2 x 100Gb QSFP28, L3 Managed AV over IP Switch",2039.0,191 Sold,191,,,,,L3 AVoIP | BGP OSPF | 10G SFP+ | MLAG | MACsec,https://resource.fs.com/mall/mainImg/2024101609561170u4yl.jpg,https://www.fs.com/products/240827.html,2026-09-02,https://www.fs.com/c/enterprise-switches-3079
166609,S3270-24TM,交换机整机/线卡,Switches,Switches > Enterprise Switches,"S3270-24TM, 24 x 1Gb RJ45, 4 x 1/2.5Gb SFP, L2+ Managed Switch",299.0,189 Sold,189,4,,,,BCM53547 | L2+ | OSPF | 1G RJ45 | Fanless | Airware Cloud,https://resource.fs.com/mall/mainImg/800x800/20251121165503ajt6tj.jpg,https://www.fs.com/products/166609.html,2026-09-02,https://www.fs.com/c/enterprise-switches-3079
149845,S3910-48TF,交换机整机/线卡,Switches,Switches > Enterprise Switches,"S3910-48TF, 48 x 1Gb RJ45, 4 x 1Gb SFP, L2+ Managed Switch",519.0,185 Sold,185,1,,,,BCM56152 | L2+ | OSPF | 1G RJ45 | Stacking | Airware Cloud,https://resource.fs.com/mall/products/800x800/149845.main.jpeg,https://www.fs.com/products/149845.html,2026-09-02,https://www.fs.com/c/enterprise-switches-3079
222981,S3410C-16TMS-P (PicOS),交换机整机/线卡,Switches,Switches > PicOS® Enterprise Switches,"S3410C-16TMS-P, 16 x 1Gb RJ45, 2 x 5Gb RJ45, 2 x 10Gb SFP+, PicOS®, L2+ Managed PoE+ Switch",569.0,180 Sold,180,1,Hot,,,"BCM56150 | L2+ PoE+ | OSPF | 1G, 2.5G/5G RJ45",https://resource.fs.com/mall/mainImg/20240814113614ezyiy3.jpg,https://www.fs.com/products/222981.html,2026-09-02,https://www.fs.com/c/picos-enterprise-switches-4223
350237,S3260-24MU,交换机整机/线卡,Switches,Switches > SME Switches,"S3260-24MU, 24 x 2.5Gb RJ45, 6 x 10Gb SFP+, L2+ Managed PoE++ Switch",869.0,178 Sold,178,,,,,Realtek | 24 x PoE++ | 600W | Multi-Gig | OSPF | LACP,https://resource.fs.com/mall/mainImg/800x800/20251114142507rmebmr.jpg,https://www.fs.com/products/350237.html,2026-09-02,https://www.fs.com/c/sme-switches-4235
162893,S5500-24TF6S,交换机整机/线卡,Switches,Switches > SME Switches,"S5500-24TF6S, 24 x 1Gb RJ45, 24 x 1Gb SFP, 6 x 10Gb SFP+, L3 Managed Switch",1649.0,178 Sold,178,5,,,,Realtek | 10G Uplink | Stacking | BGP | OSPF,https://resource.fs.com/mall/mainImg/202211031720521pw9ti.jpg,https://www.fs.com/products/162893.html,2026-09-02,https://www.fs.com/c/sme-switches-4235
110485,NC8200-24BC,交换机整机/线卡,Switches,Switches > Data Center Switches,"NC8200-24BC, 24 x 25Gb SFP28, 2 x 100Gb QSFP28, Line Card for Chassis Switch NC8200-4TD",1899.0,176 Sold,176,28,,,,TD3-X7 | EVPN-VXLAN | Stacking | MLAG,https://resource.fs.com/mall/products/800x800/110485.main.jpg,https://www.fs.com/products/110485.html,2026-09-02,https://www.fs.com/c/data-center-switches-3404
207065,S5810-48TS (PicOS),交换机整机/线卡,Switches,Switches > PicOS® Enterprise Switches,"S5810-48TS, 48 x 1Gb RJ45, 4 x 10Gb SFP+, PicOS®, L3 Managed Switch",1579.0,171 Sold,171,5,Hot,,,BCM56340 | L3 | BGP OSPF | 1G RJ45,https://resource.fs.com/mall/mainImg/20220919163009imgnki.jpg,https://www.fs.com/products/207065.html,2026-09-02,https://www.fs.com/c/picos-enterprise-switches-4223
194711,MQM9790-NS2F,交换机整机/线卡,Switches,Switches > Data Center Switches,"MQM9790-NS2F, 64 x NDR 400G, 32 x 800G OSFP Ports, 800G InfiniBand Data Center Switch,",24300.0,167 Sold,167,3,Hot,,,Infiniband Network | Spine | Quantum™-2 | Unmanaged | VL2VL,https://resource.fs.com/mall/mainImg/20231212184914m3eok9.jpg,https://www.fs.com/products/194711.html,2026-09-02,https://www.fs.com/c/data-center-switches-3404
334607,S5440L-48M,交换机整机/线卡,Switches,Switches > Enterprise Switches,"S5440L-48M, 48 x 2.5G RJ45, 4 x 25Gb SFP28, 2 x 40Gb QSFP+, L3 Managed Switch",1379.0,164 Sold,164,,,,,L3 | EVPN-VXLAN | | 2.5G RJ45 Multi. | MLAG | MACsec,https://resource.fs.com/mall/mainImg/800x800/202508111012136nccvq.jpg,https://www.fs.com/products/334607.html,2026-09-02,https://www.fs.com/c/enterprise-switches-3079
329673,S5440L-48P,交换机整机/线卡,Switches,Switches > Enterprise Switches,"S5440L-48P, 48 x 1Gb RJ45, 6 x 25Gb SFP28, L3 Managed PoE+ Switch",1499.0,161 Sold,161,,,,,L3 PoE+ | VXLAN | BGP | 1G RJ45 | MLAG,https://resource.fs.com/mall/mainImg/800x800/20250924185925n8z9wq.jpg,https://www.fs.com/products/329673.html,2026-09-02,https://www.fs.com/c/enterprise-switches-3079
166643,S3270-24TM-P,交换机整机/线卡,Switches,Switches > Enterprise Switches,"S3270-24TM-P, 24 x 1Gb RJ45, 4 x 1/2.5Gb SFP, L2+ Managed PoE+ Switch",624.0,160 Sold,160,11,,,,BCM53547 | L2+ PoE+ | OSPF | 1G RJ45 | Airware Cloud,https://resource.fs.com/mall/mainImg/800x800/20251208110834r2ptjl.jpg,https://www.fs.com/products/166643.html,2026-09-02,https://www.fs.com/c/enterprise-switches-3079
186777,S5860-24MG-U,交换机整机/线卡,Switches,Switches > PoE+ Switches,"S5860-24MG-U, 24 x 5Gb RJ45, 4 x 25Gb SFP28, L3 Managed PoE++ Switch",2539.0,160 Sold,160,3,,,,BCM56170 | 90W PoE++ | Multi-Gig | BGP | Stacking | Airware Cloud,https://resource.fs.com/mall/mainImg/20230614111506mxkd22.jpg,https://www.fs.com/products/186777.html,2026-09-02,https://www.fs.com/c/poe-switches-3150
110481,N8560-64C,交换机整机/线卡,Switches,Switches > Data Center Switches,"N8560-64C, 64 x 100Gb QSFP28, Data Center Switch",17749.0,158 Sold,158,11,Hot,,,TH2 | RoCEv2 | Stacking | MLAG,https://resource.fs.com/mall/mainImg/20250416164626piwumh.jpg,https://www.fs.com/products/110481.html,2026-09-02,https://www.fs.com/c/data-center-switches-3404
161348,IES5100-24TS-P,交换机整机/线卡,Switches,Switches > Industrial Ethernet Switches,"IES5100-24TS-P, 20 x 1Gb RJ45, 4 x 1Gb Combo, 8 x 1Gb SFP, 4 x 10Gb SFP+ L2+ Managed Industrial PoE++ Switch",2119.0,156 Sold,156,7,,,,720W | PTP | ERPS | Rack Mount | IP41,https://resource.fs.com/mall/mainImg/20221109122156gniiwl.jpg,https://www.fs.com/products/161348.html,2026-09-02,https://www.fs.com/c/industrial-ethernet-switches-4073
184653,S5500-48T6S,交换机整机/线卡,Switches,Switches > SME Switches,"S5500-48T6S, 48 x 1Gb RJ45, 6 x 10Gb SFP+, L3 Managed Switch",1369.0,155 Sold,155,3,,,,Realtek | 10G Uplink | Stacking | BGP | OSPF,https://resource.fs.com/mall/mainImg/20241211095421xwkixp.jpg,https://www.fs.com/products/184653.html,2026-09-02,https://www.fs.com/c/sme-switches-4235
222979,S3410C-8TMS-P (PicOS),交换机整机/线卡,Switches,Switches > PicOS® Enterprise Switches,"S3410C-8TMS-P, 8 x 1Gb RJ45, 2 x 5Gb RJ45, 2 x 10Gb SFP+, PicOS®, L2+ Managed PoE+ Switch",469.0,153 Sold,153,2,Hot,,,"BCM56150 | L2+ PoE+ | OSPF | 1G, 2.5G/5G RJ45",https://resource.fs.com/mall/mainImg/20240814132311s0q7nd.jpg,https://www.fs.com/products/222979.html,2026-09-02,https://www.fs.com/c/picos-enterprise-switches-4223
206227,N8560-32C (PicOS),交换机整机/线卡,Switches,Switches > PicOS® Data Center Switches,"N8560-32C, 32 x 100Gb QSFP28, PicOS®, Data Center Switch",7919.0,152 Sold,152,3,,,,TD3-X7 | EVPN-VXLAN | MLAG | EVPN Multihoming,https://resource.fs.com/mall/mainImg/20231226161654meo5mr.jpg,https://www.fs.com/products/206227.html,2026-09-02,https://www.fs.com/c/picos-data-center-switches-5125
194446,S8550-16Q8C,交换机整机/线卡,Switches,Switches > Enterprise Switches,"S8550-16Q8C, 16 x 40Gb QSFP+, 8 x 100Gb QSFP28, L3 Managed Switch",5250.0,151 Sold,151,,,,,L3 | EVPN-VXLAN | 40G OSFP+ | MLAG | MPLS | MACsec,https://resource.fs.com/mall/mainImg/20231102104214iclpxe.jpg,https://www.fs.com/products/194446.html,2026-09-02,https://www.fs.com/c/enterprise-switches-3079
201297,IES5120-28TF,交换机整机/线卡,Switches,Switches > Industrial Ethernet Switches,"IES5120-28TF, 16 x 1Gb RJ45, 8 x 1Gb Combo, 4 x 1Gb SFP, L2+ Managed Industrial Switch",824.0,148 Sold,148,,,,,Marvell | L2+ | IP40 | PROFINET | MRP,https://resource.fs.com/mall/mainImg/800x800/20250819165706buo7q9.jpg,https://www.fs.com/products/201297.html,2026-09-02,https://www.fs.com/c/industrial-ethernet-switches-4073
222977,S3410C-16TF-P (PicOS),交换机整机/线卡,Switches,Switches > PicOS® PoE+ Switches,"S3410C-16TF-P, 16 x 1Gb RJ45, 2 x 1Gb SFP+, PicOS®, L2+ Managed PoE+ Switch",449.0,148 Sold,148,,,,,BCM56150 | L2+ PoE+ | OSPF | 1G RJ45,https://resource.fs.com/mall/mainImg/20240906165714lp57c1.jpg,https://www.fs.com/products/222977.html,2026-09-02,https://www.fs.com/c/picos-poe-switches-5585
206805,S5860-48XMG-U (PicOS),交换机整机/线卡,Switches,Switches > PicOS® Enterprise Switches,"S5860-48XMG-U, 48 x 10Gb RJ45, 4 x 25Gb SFP28, 2 x 40Gb QSFP+, PicOS®, L3 Managed PoE++ Switch",6449.0,146 Sold,146,3,Hot,,,BCM56170 | L3 PoE++ | BGP OSPF | Perpetual PoE | 10G RJ45 Multi.,https://resource.fs.com/mall/mainImg/20230614120321kyvwfl.jpg,https://www.fs.com/products/206805.html,2026-09-02,https://www.fs.com/c/picos-enterprise-switches-4223
329357,S3240-8T,交换机整机/线卡,Switches,Switches > SME Switches,"S3240-8T, 8 x 1Gb RJ45, 4 x 10Gb SFP+, L2+ Managed Switch",289.0,136 Sold,136,,,,,Realtek | 10G Uplink | Compact | Fanless | Stacking,https://resource.fs.com/mall/mainImg/800x800/20250816115027talo6e.jpg,https://www.fs.com/products/329357.html,2026-09-02,https://www.fs.com/c/sme-switches-4235
201303,IES5120-48T4S,交换机整机/线卡,Switches,Switches > Industrial Ethernet Switches,"IES5120-48T4S, 48 x 1Gb RJ45, 4 x 1/10Gb SFP+, L2+ Managed Industrial Switch",1169.0,130 Sold,130,,,,,Marvell | L2+ | IP40 | PROFINET | MRP,https://resource.fs.com/mall/mainImg/800x800/202508191655484a3v8f.jpg,https://www.fs.com/products/201303.html,2026-09-02,https://www.fs.com/c/industrial-ethernet-switches-4073
329359,S3260-8MU,交换机整机/线卡,Switches,Switches > SME Switches,"S3260-8MU, 8 x 2.5Gb RJ45, 4 x 10Gb SFP+, L2+ Managed PoE++ Switch",479.0,118 Sold,118,,,,,Realtek | 8 x PoE++ | 240W | Multi-Gig | OSPF | LACP,https://resource.fs.com/mall/mainImg/800x800/202606231818321zeh1h.jpg,https://www.fs.com/products/329359.html,2026-09-02,https://www.fs.com/c/sme-switches-4235
110482,NC8200-4TD,交换机整机/线卡,Switches,Switches > Data Center Switches,"NC8200-4TD, 4-Slot Data Center Chassis Switch Unloaded",9919.0,117 Sold,117,28,,,,TD3-X7 | EVPN-VXLAN | Stacking | MLAG,https://resource.fs.com/mall/mainImg/20250416155710j24paq.jpg,https://www.fs.com/products/110482.html,2026-09-02,https://www.fs.com/c/data-center-switches-3404
110483,NC8200-8C,交换机整机/线卡,Switches,Switches > Data Center Switches,"NC8200-8C, 8 x 100Gb QSFP28 Line Card for Chassis Switch NC8200-4TD",1649.0,117 Sold,117,28,,,,TD3-X7 | EVPN-VXLAN | Stacking | MLAG,https://resource.fs.com/mall/products/800x800/110483.main.jpg,https://www.fs.com/products/110483.html,2026-09-02,https://www.fs.com/c/data-center-switches-3404
329361,S3260-10S,交换机整机/线卡,Switches,Switches > SME Switches,"S3260-10S, 10 x 10Gb SFP+, 2 x 1Gb RJ45, L3 Managed Switch",919.0,113 Sold,113,,,,,Realtek | 10G Uplink | Stacking | VLAN | LACP,https://resource.fs.com/mall/mainImg/202506251011373ctqp8.jpg,https://www.fs.com/products/329361.html,2026-09-02,https://www.fs.com/c/sme-switches-4235
201285,IES2100-5FE,交换机整机/线卡,Switches,Switches > Industrial Ethernet Switches,"IES2100-5FE, 5 x 10/100M RJ45, L2 Unmanaged Industrial Switch",129.0,112 Sold,112,,,,,Realtek | L2 | IP41 | Unmanaged,https://resource.fs.com/mall/mainImg/800x800/20250807121231ebwzr4.jpg,https://www.fs.com/products/201285.html,2026-09-02,https://www.fs.com/c/industrial-ethernet-switches-4073
222999,S3410-24TS (PicOS),交换机整机/线卡,Switches,Switches > PicOS® Enterprise Switches,"S3410-24TS, 24 x 1Gb RJ45, 4 x 10Gb SFP+, PicOS®, L2+ Managed Switch",799.0,105 Sold,105,1,,,,BCM56150 | L2+ | OSPF | 1G RJ45,https://resource.fs.com/mall/mainImg/20240829143428v9zl0d.jpg,https://www.fs.com/products/222999.html,2026-09-02,https://www.fs.com/c/picos-enterprise-switches-4223
176343,IES5110-20FMS,交换机整机/线卡,Switches,Switches > Industrial Ethernet Switches,"IES5110-20FMS, 10 x 1Gb SFP, 10 x 1/2.5Gb SFP, 4 x 1Gb Combo, 4 x 10Gb SFP+, L2+ Managed Industrial Switch",1019.0,97 Sold,97,1,,,,L2+ | IP30 | ERPS,https://resource.fs.com/mall/mainImg/20230825111559f45xct.jpg,https://www.fs.com/products/176343.html,2026-09-02,https://www.fs.com/c/industrial-ethernet-switches-4073
207071,S5860-24XMG (PicOS),交换机整机/线卡,Switches,Switches > PicOS® Enterprise Switches,"S5860-24XMG, 24 x 10Gb RJ45, 4 x 10Gb SFP+, 4 x 25Gb SFP28, PicOS®, L3 Managed Switch",3489.0,84 Sold,84,2,Hot,,,BCM56170 | L3 | BGP OSPF | 10G RJ45 Multi.,https://resource.fs.com/mall/mainImg/2023080316435317ulu7.jpg,https://www.fs.com/products/207071.html,2026-09-02,https://www.fs.com/c/picos-enterprise-switches-4223
207061,S5810-28TS (PicOS),交换机整机/线卡,Switches,Switches > PicOS® Enterprise Switches,"S5810-28TS, 28 x 1Gb RJ45, 4 x 10Gb SFP+, PicOS®, L3 Managed Switch",1209.0,81 Sold,81,3,,,,BCM56342 | L3 | BGP OSPF | 1G RJ45,https://resource.fs.com/mall/1G-10G-Switches/800x800/20220525181802_185_149847.jpg,https://www.fs.com/products/207061.html,2026-09-02,https://www.fs.com/c/picos-enterprise-switches-4223
206653,S5870-48T6BC-U (PicOS),交换机整机/线卡,Switches,Switches > PicOS® PoE+ Switches,"S5870-48T6BC-U, 48 x 1Gb RJ45, 4 x 25Gb SFP28, 2 x 100Gb, PicOS®, L3 Managed PoE++ Switch",4059.0,78 Sold,78,2,Hot,,,TD3-X3 | L3 PoE++ | EVPN-VXLAN | Perpetual PoE | 1G RJ45,https://resource.fs.com/mall/mainImg/20231208165755wkn6uq.jpg,https://www.fs.com/products/206653.html,2026-09-02,https://www.fs.com/c/picos-poe-switches-5585
223011,S3410-24TS-P (PicOS),交换机整机/线卡,Switches,Switches > PicOS® PoE+ Switches,"S3410-24TS-P, 24 x 1Gb RJ45, 2 x 10Gb SFP+, 2 x 1G RJ45/SFP, PicOS®, L2+ Managed PoE+ Switch",1249.0,78 Sold,78,,,,,BCM56150 | L2+ PoE+ | OSPF | 1G RJ45,https://resource.fs.com/mall/products/800x800/108718.main.jpg,https://www.fs.com/products/223011.html,2026-09-02,https://www.fs.com/c/picos-poe-switches-5585
222975,S3410C-16TF (PicOS),交换机整机/线卡,Switches,Switches > PicOS® Enterprise Switches,"S3410C-16TF, 16 x 1Gb RJ45, 2 x 1Gb SFP, PicOS®, L2+ Managed Switch",339.0,75 Sold,75,,,,,BCM56150 | L2+ | OSPF | 1G RJ45,https://resource.fs.com/mall/mainImg/20240906111304hznzuv.jpg,https://www.fs.com/products/222975.html,2026-09-02,https://www.fs.com/c/picos-enterprise-switches-4223
207073,S5860-48XMG (PicOS),交换机整机/线卡,Switches,Switches > PicOS® Enterprise Switches,"S5860-48XMG, 48 x 10Gb RJ45, 4 x 25Gb SFP28, 2 x 40Gb QSFP+, PicOS®, L3 Managed Switch",5749.0,73 Sold,73,2,,,,BCM56170 | L3 | BGP OSPF | 10G RJ45 Multi.,https://resource.fs.com/mall/mainImg/20230804151238j5zin9.jpg,https://www.fs.com/products/207073.html,2026-09-02,https://www.fs.com/c/picos-enterprise-switches-4223
206581,N5680-32D,交换机整机/线卡,Switches,Switches > PicOS® Data Center Switches,"N5680-32D, 32 x 400Gb QSFP-DD, PicOS®, Data Center Switch",19299.0,72 Sold,72,3,,,,TH3 | RoCEv2 | DLB | Spine/Leaf,https://resource.fs.com/mall/mainImg/800x800/202603301430523f3i6l.jpg,https://www.fs.com/products/206581.html,2026-09-02,https://www.fs.com/c/picos-data-center-switches-5125
207993,N5570-48X6C,交换机整机/线卡,Switches,Switches > PicOS® Data Center Switches,"N5570-48X6C, 48 x 10Gb RJ45, 6 x 100Gb QSFP28, PicOS®, Data Center Switch",7349.0,70 Sold,70,5,,,,TD3-X5 | EVPN-VXLAN | MLAG | EVPN Multihoming,https://resource.fs.com/mall/mainImg/800x800/20260507145715fko6sj.jpg,https://www.fs.com/products/207993.html,2026-09-02,https://www.fs.com/c/picos-data-center-switches-5125
207991,N5570-48S6C,交换机整机/线卡,Switches,Switches > PicOS® Data Center Switches,"N5570-48S6C, 48 x 10Gb SFP+, 6 x 100Gb QSFP28, PicOS®, Data Center Switch",4999.0,69 Sold,69,,,,,TD3-X5 | EVPN-VXLAN | MLAG | EVPN Multihoming,https://resource.fs.com/mall/mainImg/20250410115854rfpn4r.jpg,https://www.fs.com/products/207991.html,2026-09-02,https://www.fs.com/c/picos-data-center-switches-5125
324605,IES5200W-8U2F2SD,交换机整机/线卡,Switches,Switches > Industrial Ethernet Switches,"IES5200W-8U2F2SD, 8 x 1Gb RJ45, 2 x 1/2.5Gb SFP, 2 x 10Gb SFP+, L3 Managed Industrial PoE++ Switch",1089.0,62 Sold,62,,,,,L3 PoE++ | IP30 | PTP | ERPS,https://resource.fs.com/mall/mainImg/800x800/202508281840089a7yco.jpg,https://www.fs.com/products/324605.html,2026-09-02,https://www.fs.com/c/industrial-ethernet-switches-4073
206807,S5860-24MG-U (PicOS),交换机整机/线卡,Switches,Switches > PicOS® PoE+ Switches,"S5860-24MG-U, 24 x 5Gb RJ45, 4 x 25Gb SFP28, PicOS®, L3 Managed PoE++ Switch",2659.0,62 Sold,62,2,Hot,,,BCM56170 | L3 PoE++ | BGP OSPF | Perpetual PoE | 5G RJ45 Multi.,https://resource.fs.com/mall/mainImg/20230614111506mxkd22.jpg,https://www.fs.com/products/206807.html,2026-09-02,https://www.fs.com/c/picos-poe-switches-5585
166610,S3270-48TM,交换机整机/线卡,Switches,Switches > Enterprise Switches,"S3270-48TM, 48 x 1Gb RJ45, 4 x 1/2.5Gb SFP, L2+ Managed Switch",511.0,59 Sold,59,1,,,,BCM53547 | L2+ | OSPF | 1G RJ45 | Airware Cloud,https://resource.fs.com/mall/mainImg/20230413095349dshhl5.jpg,https://www.fs.com/products/166610.html,2026-09-02,https://www.fs.com/c/enterprise-switches-3079
206237,S5870-48T6BC (PicOS),交换机整机/线卡,Switches,Switches > PicOS® Enterprise Switches,"S5870-48T6BC, 48 x 1Gb RJ45, 4 x 25Gb SFP28, 2 x 100Gb QSFP28, PicOS®, L3 Managed Switch",3619.0,58 Sold,58,4,,,,TD3-X3 | L3 | EVPN-VXLAN | 1G RJ45,https://resource.fs.com/mall/mainImg/20240104103655dizfjq.jpg,https://www.fs.com/products/206237.html,2026-09-02,https://www.fs.com/c/picos-enterprise-switches-4223
152270,T5850-24S2C,交换机整机/线卡,Switches,Switches > Data Center Switches,"T5850-24S2C, 24 x 10Gb SFP+, 2 x 100Gb QSFP28, Rack-level Visibility and Monitoring",6719.0,52 Sold,52,6,,,,HD 440G | 440 Gbps | 540Mpps | 660ns Latency,https://resource.fs.com/mall/products/800x800/152270.main.jpeg,https://www.fs.com/products/152270.html,2026-09-02,https://www.fs.com/c/data-center-switches-3404
194710,MQM9700-NS2F,交换机整机/线卡,Switches,Switches > Data Center Switches,"MQM9700-NS2F, 64 x NDR 400G, 32 x 800G OSFP Ports, 800G InfiniBand Data Center Switch,",38400.0,51 Sold,51,3,,,,Infiniband Network | Spine | Quantum™-2 | Managed | VL2VL,https://resource.fs.com/mall/mainImg/20231212184452d1eq1m.jpg,https://www.fs.com/products/194710.html,2026-09-02,https://www.fs.com/c/data-center-switches-3404
331201,S3240C-24P,交换机整机/线卡,Switches,Switches > SME Switches,"S3240C-24P, 24 x 1Gb RJ45, 4 x 10Gb SFP+, L2+ Managed PoE+ Switch",769.0,46 Sold,46,,,,,Realtek | 24 x PoE+ | 380W | Compact | OSPF | Voice VLAN,https://resource.fs.com/mall/mainImg/800x800/20250715113453khb70g.jpg,https://www.fs.com/products/331201.html,2026-09-02,https://www.fs.com/c/sme-switches-4235
201305,IES5220-6S-3ES,交换机整机/线卡,Switches,Switches > Industrial Ethernet Switches,"IES5220-6S-3ES, 6 x 1/10Gb SFP+, L3 Managed Industrial Modular Switch with 3-Slot",1699.0,46 Sold,46,,,,,Marvell | L3 | IP40 | PROFINET | MRP,https://resource.fs.com/mall/mainImg/20240207152347z66lb8.jpg,https://www.fs.com/products/201305.html,2026-09-02,https://www.fs.com/c/industrial-ethernet-switches-4073
216303,IES5220-6S-3ES (Customized),交换机整机/线卡,Switches,Switches > Industrial Ethernet Switches,"Customized IES5220-6S-3ES, 6 x 1/10Gb SFP+, L3 Managed Industrial Modular Switch with 3-Slot",1699.0,46 Sold,46,,,,,Marvell | L3 | IP40 | PROFINET | MRP,https://resource.fs.com/mall/mainImg/20240207152347z66lb8.jpg,https://www.fs.com/products/216303.html,2026-09-02,https://www.fs.com/c/industrial-ethernet-switches-4073
206655,S5870-48MX6BC-U (PicOS),交换机整机/线卡,Switches,Switches > PicOS® PoE+ Switches,"S5870-48MX6BC-U, 36 x 2.5Gb RJ45, 12 x 10Gb RJ45, 4 x 25Gb SFP28, 2 x 100Gb, PicOS®, L3 Managed PoE++ Switch",6069.0,46 Sold,46,1,,,,TD3-X3 | L3 PoE++ | EVPN-VXLAN | Perpetual PoE | 10G RJ45 Multi.,https://resource.fs.com/mall/mainImg/20241119164600bbeo48.jpg,https://www.fs.com/products/206655.html,2026-09-02,https://www.fs.com/c/picos-poe-switches-5585
383637,N5580-32CB,交换机整机/线卡,Switches,Switches > PicOS® Data Center Switches,"N5580-32CB, 32 x 100Gb QSFP28, PicOS®, Data Center Switch",7419.0,43 Sold,43,,,,,TD3-X7 | EVPN-VXLAN | MLAG | EVPN Multihoming,https://resource.fs.com/mall/mainImg/800x800/20260303164101bzillk.jpg,https://www.fs.com/products/383637.html,2026-09-02,https://www.fs.com/c/picos-data-center-switches-5125
321549,N8510-24CD8D,交换机整机/线卡,Switches,Switches > PicOS® Data Center Switches,"N8510-24CD8D, 24 x 200Gb QSFP56, 8 x 400Gb QSFP-DD, PicOS®, Data Center Switch",12400.0,43 Sold,43,,,,,TD4-X9 | EVPN-VXLAN | MLAG | RoCEv2,https://resource.fs.com/mall/mainImg/800x800/20250723103656gi7sjb.jpg,https://www.fs.com/products/321549.html,2026-09-02,https://www.fs.com/c/picos-data-center-switches-5125
338451,S5440-12S,交换机整机/线卡,Switches,Switches > PicOS® Enterprise Switches,"S5440-12S, 12 x 10Gb SFP+, 4 x 1Gb RJ45, PicOS®, L3 Managed Switch",1019.0,43 Sold,43,,,,,L3 | BGP OSPF | MLAG | 10G SFP+,https://resource.fs.com/mall/mainImg/800x800/20250822141944v507yn.jpg,https://www.fs.com/products/338451.html,2026-09-02,https://www.fs.com/c/picos-enterprise-switches-4223
207063,S5810-28FS (PicOS),交换机整机/线卡,Switches,Switches > PicOS® Enterprise Switches,"S5810-28FS, 28 x 1Gb SFP, 4 x 10Gb SFP+, PicOS®, L3 Managed Switch",1819.0,43 Sold,43,2,,,,BCM56342 | L3 | BGP OSPF | 1G SFP,https://resource.fs.com/mall/products/800x800/115383.main.jpg,https://www.fs.com/products/207063.html,2026-09-02,https://www.fs.com/c/picos-enterprise-switches-4223
206803,S5860-24XB-U (PicOS),交换机整机/线卡,Switches,Switches > PicOS® PoE+ Switches,"S5860-24XB-U, 24 x 10Gb RJ45, 4 x 10Gb SFP+, 4 x 25Gb SFP28, PicOS®, L3 Managed PoE++ Switch",4869.0,42 Sold,42,1,,,,BCM56170 | L3 PoE++ | BGP OSPF | Perpetual PoE | 10G RJ45 Multi.,https://resource.fs.com/mall/products/800x800/108716.main.jpg,https://www.fs.com/products/206803.html,2026-09-02,https://www.fs.com/c/picos-poe-switches-5585
248183,S5890-32C,交换机整机/线卡,Switches,Switches > PicOS® Enterprise Switches,"S5890-32C, 32 x 100Gb QSFP28, PicOS®, L3 Managed Switch",7919.0,41 Sold,41,,,,,TD3-X7 | L3 | EVPN-VXLAN | 100G QSFP28,https://resource.fs.com/mall/mainImg/20241010154045qmdno6.jpg,https://www.fs.com/products/248183.html,2026-09-02,https://www.fs.com/c/picos-enterprise-switches-4223
334613,S5440L-24P,交换机整机/线卡,Switches,Switches > Enterprise Switches,"S5440L-24P, 24 x 1Gb RJ45, 6 x 25Gb SFP28, L3 Managed PoE+ Switch",1249.0,40 Sold,40,1,,,,L3 PoE+ | VXLAN | BGP | 1G RJ45 | MLAG,https://resource.fs.com/mall/mainImg/800x800/20250924185828mw6hsy.jpg,https://www.fs.com/products/334613.html,2026-09-02,https://www.fs.com/c/enterprise-switches-3079
207067,S5810-48FS (PicOS),交换机整机/线卡,Switches,Switches > PicOS® Enterprise Switches,"S5810-48FS, 48 x 1Gb SFP, 4 x 10Gb SFP+, PicOS®, L3 Managed Switch",2529.0,40 Sold,40,4,,,,BCM56340 | L3 | BGP OSPF | 1G SFP,https://resource.fs.com/mall/products/800x800/115384.main.jpg,https://www.fs.com/products/207067.html,2026-09-02,https://www.fs.com/c/picos-enterprise-switches-4223
223017,S3410L-24TF-P (PicOS),交换机整机/线卡,Switches,Switches > PicOS® PoE+ Switches,"S3410L-24TF-P, 24 x 1Gb RJ45, 4 x 1Gb SFP, PicOS®, L2+ Managed PoE+ Switch",629.0,39 Sold,39,,,,,BCM56150 | L2+ PoE+ | OSPF | 1G RJ45,https://resource.fs.com/mall/mainImg/20240827101123e04xra.jpg,https://www.fs.com/products/223017.html,2026-09-02,https://www.fs.com/c/picos-poe-switches-5585
110484,NC8200-16Q,交换机整机/线卡,Switches,Switches > Data Center Switches,"NC8200-16Q, 16 x 40Gb QSFP+ Line Card for Chassis Switch NC8200-4TD",2186.0,37 Sold,37,28,,,,TD3-X7 | EVPN-VXLAN | Stacking | MLAG,https://resource.fs.com/mall/products/800x800/110484.main.jpg,https://www.fs.com/products/110484.html,2026-09-02,https://www.fs.com/c/data-center-switches-3404
300186,S5580-48Y,交换机整机/线卡,Switches,Switches > PicOS® Enterprise Switches,"S5580-48Y, 48 x 25Gb SFP28, 8 x 100Gb QSFP28, PicOS®, L3 Managed Switch",7749.0,35 Sold,35,,,,,TD3-X7 | L3 | EVPN-VXLAN | 25G SFP28,https://resource.fs.com/mall/mainImg/20250411150758mzioyr.jpg,https://www.fs.com/products/300186.html,2026-09-02,https://www.fs.com/c/picos-enterprise-switches-4223
338467,S5470-24Y,交换机整机/线卡,Switches,Switches > PicOS® Enterprise Switches,"S5470-24Y, 24 x 25Gb SFP28, 4 x 100Gb QSFP28, PicOS®, L3 Managed Switch",4599.0,33 Sold,33,,,,,L3 | BGP OSPF | MLAG | 25G SFP28,https://resource.fs.com/mall/mainImg/800x800/20250821150945fj8pfa.jpg,https://www.fs.com/products/338467.html,2026-09-02,https://www.fs.com/c/picos-enterprise-switches-4223
369053,S5440-48MU,交换机整机/线卡,Switches,Switches > Enterprise Switches,"S5440-48MU, 40 x 2.5Gb RJ45, 8 x 10Gb RJ45, 4 x 25Gb SFP28, 2 x 40G QSFP+, L3 Managed PoE++ Switch",3369.0,32 Sold,32,,,,,L3 PoE++ | EVPN-VXLAN | 10G RJ45 Multi. | MLAG,https://resource.fs.com/mall/mainImg/800x800/20260228113018dnsmvh.jpg,https://www.fs.com/products/369053.html,2026-09-02,https://www.fs.com/c/enterprise-switches-3079
110487,NC8400-32C,交换机整机/线卡,Switches,Switches > Data Center Switches,"NC8400-32C, 32 x 100Gb QSFP28 Line Card for Chassis Switch NC8400-4TH",4269.0,29 Sold,29,7,,,,TH3 | RoCEv2 | PFC | ECN,https://resource.fs.com/mall/mainImg/20230803103919brdbob.jpg,https://www.fs.com/products/110487.html,2026-09-02,https://www.fs.com/c/data-center-switches-3404
338465,S5470-48Y,交换机整机/线卡,Switches,Switches > PicOS® Enterprise Switches,"S5470-48Y, 48 x 25Gb SFP28, 8 x 100Gb QSFP28, PicOS®, L3 Managed Switch",6049.0,29 Sold,29,,,,,L3 | BGP OSPF | MLAG | 25G SFP28,https://resource.fs.com/mall/mainImg/800x800/20250821170720gpo5pf.jpg,https://www.fs.com/products/338465.html,2026-09-02,https://www.fs.com/c/picos-enterprise-switches-4223
250955,N8650-64OD,交换机整机/线卡,Switches,Switches > PicOS® Data Center Switches,"N8650-64OD, 64 x 800Gb OSFP, PicOS®, Data Center Switch",44600.0,28 Sold,28,,,,,TH5 | RoCEv2 | GLB*/DLB | Spine/Leaf,https://resource.fs.com/mall/mainImg/800x800/20260507142444s4ogri.jpg,https://www.fs.com/products/250955.html,2026-09-02,https://www.fs.com/c/picos-data-center-switches-5125
309267,N8520-32D,交换机整机/线卡,Switches,Switches > PicOS® Data Center Switches,"N8520-32D, 32 x 400Gb QSFP-DD, PicOS®, Data Center Switch",22399.0,27 Sold,27,,,,,TD4-X11 | EVPN | MLAG | RoCEv2,https://resource.fs.com/mall/mainImg/800x800/20250707145340kj97oc.jpg,https://www.fs.com/products/309267.html,2026-09-02,https://www.fs.com/c/picos-data-center-switches-5125
331177,S3240C-24T,交换机整机/线卡,Switches,Switches > SME Switches,"S3240C-24T, 24 x 1Gb RJ45, 4 x 10Gb SFP+, L2+ Managed Switch",499.0,25 Sold,25,,,,,Realtek | 10G Uplink | Compact | LACP | OSPF,https://resource.fs.com/mall/mainImg/800x800/20250703172907ys4pgi.jpg,https://www.fs.com/products/331177.html,2026-09-02,https://www.fs.com/c/sme-switches-4235
350243,S3260-24M,交换机整机/线卡,Switches,Switches > SME Switches,"S3260-24M, 24 x 2.5Gb RJ45, 6 x 10Gb SFP+, L2+ Managed Switch",699.0,24 Sold,24,,,,,Realtek | 10G Uplink | Multi-Gig | Stacking | OSPF,https://resource.fs.com/mall/mainImg/800x800/202509171116027gd2fg.jpg,https://www.fs.com/products/350243.html,2026-09-02,https://www.fs.com/c/sme-switches-4235
152271,T8550-32C,交换机整机/线卡,Switches,Switches > Data Center Switches,"T8550-32C, 32 x 100Gb QSFP28, Rack-level Visibility and Monitoring",24600.0,22 Sold,22,3,,,,HD 3200G | 3.2Tbps | 3571Mpps | 700ns Latency,https://resource.fs.com/mall/Network-Packet-Brokers/800x800/20220528101506_967_152271.jpg,https://www.fs.com/products/152271.html,2026-09-02,https://www.fs.com/c/data-center-switches-3404
222995,S3410L-24TF (PicOS),交换机整机/线卡,Switches,Switches > PicOS® Enterprise Switches,"S3410L-24TF, 24 x 1Gb RJ45, 4 x 1Gb SFP, PicOS®, L2+ Managed Switch",389.0,22 Sold,22,1,,,,BCM56152 | L2+ | OSPF | 1G RJ45,https://resource.fs.com/mall/mainImg/20240829104115s9elgo.jpg,https://www.fs.com/products/222995.html,2026-09-02,https://www.fs.com/c/picos-enterprise-switches-4223
369055,S5440H-24MU,交换机整机/线卡,Switches,Switches > Enterprise Switches,"S5440H-24MU, 16 x 2.5Gb RJ45, 8 x 10Gb RJ45, 8 x 25Gb SFP28, L3 Managed PoE++ Switch",2699.0,20 Sold,20,,,,,L3 PoE++ | EVPN-VXLAN | 10G RJ45 Multi. | MLAG,https://resource.fs.com/mall/mainImg/800x800/20260112154350rs2ucm.jpg,https://www.fs.com/products/369055.html,2026-09-02,https://www.fs.com/c/enterprise-switches-3079
206401,N5630-64C,交换机整机/线卡,Switches,Switches > PicOS® Data Center Switches,"N5630-64C, 64 x 100Gb QSFP28, PicOS®, Data Center Switch",11900.0,17 Sold,17,2,,,,TH2 | RoCEv2 | MLAG | Spine,https://resource.fs.com/mall/mainImg/202312061517307r2n9c.jpg,https://www.fs.com/products/206401.html,2026-09-02,https://www.fs.com/c/picos-data-center-switches-5125
157694,T5850-48S8C,交换机整机/线卡,Switches,Switches > Data Center Switches,"T5850-48S8C, 48 x 10G SFP+, 8 x 100G QSFP28, Rack-level Visibility and Monitoring",15900.0,16 Sold,16,3,,,,HD 1280G | 1.28Tbps | 1905Mpps | 700ns Latency,https://resource.fs.com/mall/mainImg/20220926153645myde4r.jpg,https://www.fs.com/products/157694.html,2026-09-02,https://www.fs.com/c/data-center-switches-3404
309787,N8610-32D,交换机整机/线卡,Switches,Switches > PicOS® Data Center Switches,"N8610-32D, 32 x 400Gb QSFP-DD, PicOS®, Data Center Switch",19999.0,14 Sold,14,,,,,TH4 | RoCEv2 | DLB | Spine/Leaf,https://resource.fs.com/mall/mainImg/800x800/20260513150402x9ueyz.jpg,https://www.fs.com/products/309787.html,2026-09-02,https://www.fs.com/c/picos-data-center-switches-5125
319527,S5580-48S,交换机整机/线卡,Switches,Switches > PicOS® Enterprise Switches,"S5580-48S, 48 x 10Gb SFP+, 8 x 100Gb QSFP28, PicOS®, L3 Managed Switch",4699.0,14 Sold,14,,,,,TD3-X7 | L3 | BGP OSPF | 10G SFP+,https://resource.fs.com/mall/mainImg/202506101456364crcmr.jpg,https://www.fs.com/products/319527.html,2026-09-02,https://www.fs.com/c/picos-enterprise-switches-4223
110486,NC8400-4TH,交换机整机/线卡,Switches,Switches > Data Center Switches,"NC8400-4TH, 4-Slot Ethernet Data Center Chassis Switch Unloaded",25499.0,12 Sold,12,7,,,,TH3 | RoCEv2 | PFC | ECN,https://resource.fs.com/mall/mainImg/20250416162454viib56.jpg,https://www.fs.com/products/110486.html,2026-09-02,https://www.fs.com/c/data-center-switches-3404
352159,S8510-24CD,交换机整机/线卡,Switches,Switches > PicOS® Enterprise Switches,"S8510-24CD, 24 x 200Gb QSFP56, 8 x 400G QSFP-DD, PicOS®, L3 Managed Switch",12400.0,12 Sold,12,,,,,TD4-X9 | L3 | MLAG | 200Gb QSFP56,https://resource.fs.com/mall/mainImg/800x800/20251209171039tit6ta.jpg,https://www.fs.com/products/352159.html,2026-09-02,https://www.fs.com/c/picos-enterprise-switches-4223
309785,N8650-32OD,交换机整机/线卡,Switches,Switches > PicOS® Data Center Switches,"N8650-32OD, 32 x 800Gb OSFP, PicOS®, Data Center Switch",37499.0,11 Sold,11,,,,,TH5 | RoCEv2 | GLB*/DLB | Spine/Leaf,https://resource.fs.com/mall/mainImg/800x800/20250708104243twzzwm.jpg,https://www.fs.com/products/309785.html,2026-09-02,https://www.fs.com/c/picos-data-center-switches-5125
319949,T5630-64C,交换机整机/线卡,Switches,Switches > PicOS® Data Center Switches,"T5630-64C, 64 x 100Gb QSFP28, PicOS®, Rack-level Visibility and Monitoring",26299.0,10 Sold,10,1,,,,PicOS® | 6.4Tbps | <1 µs Latency,https://resource.fs.com/mall/mainImg/20250416170743tyat8f.jpg,https://www.fs.com/products/319949.html,2026-09-02,https://www.fs.com/c/picos-data-center-switches-5125
222997,S3410L-48TF (PicOS),交换机整机/线卡,Switches,Switches > PicOS® Enterprise Switches,"S3410L-48TF, 48 x 1Gb RJ45, 4 x 1Gb SFP, PicOS®, L2+ Managed Switch",529.0,10 Sold,10,1,,,,BCM56152 | L2+ | OSPF | 1G RJ45,https://resource.fs.com/mall/mainImg/20240829121527o8c2ll.jpg,https://www.fs.com/products/222997.html,2026-09-02,https://www.fs.com/c/picos-enterprise-switches-4223
179241,NC8400-16CD,交换机整机/线卡,Switches,Switches > Data Center Switches,"NC8400-16CD, 16 x 100Gb QSFP28, 4 x 400Gb QSFP-DD, Line Card for Chassis Switch NC8400-4TH",4499.0,8 Sold,8,1,,,,TH3 | RoCEv2 | PFC | ECN,https://resource.fs.com/mall/mainImg/20230328121638gjll6e.jpg,https://www.fs.com/products/179241.html,2026-09-02,https://www.fs.com/c/data-center-switches-3404
158399,MSN2700-CS2RC,交换机整机/线卡,Switches,Switches > Data Center Switches,"MSN2700-CS2RC, 32 x 100Gb QSFP28, NVIDIA® Cumulus Linux™ Switch",24190.0,7 Sold,7,2,,,,Spine | MLAG | PTP | EVPN-VXLAN,https://resource.fs.com/mall/mainImg/20220803120522bnrbpc.jpg,https://www.fs.com/products/158399.html,2026-09-02,https://www.fs.com/c/data-center-switches-3404
391167,S3540L-48T,交换机整机/线卡,Switches,Switches > PicOS® Enterprise Switches,"S3540L-48T, 48 x 1Gb RJ45, 4 x 10Gb SFP+, PicOS®, L2+ Managed Switch",609.0,7 Sold,7,,New,,,BCM56150 | L2+ | OSPF | 1G RJ45,https://resource.fs.com/mall/mainImg/800x800/20260317103028bj0o28.jpg,https://www.fs.com/products/391167.html,2026-09-02,https://www.fs.com/c/picos-enterprise-switches-4223
352155,S5570-48X,交换机整机/线卡,Switches,Switches > PicOS® Enterprise Switches,"S5570-48X, 48 x 10G RJ45, 6 x 100G QSFP28, PicOS®, L3 Managed Switch",7349.0,7 Sold,7,,,,,TD3-X5 | L3 | EVPN-VXLAN | 10G RJ45,https://resource.fs.com/mall/mainImg/800x800/20251103110638bx3fz9.jpg,https://www.fs.com/products/352155.html,2026-09-02,https://www.fs.com/c/picos-enterprise-switches-4223
346163,T5570-48S6C,交换机整机/线卡,Switches,Switches > PicOS® Data Center Switches,"T5570-48S6C, 48 x 10G SFP+, 6 x 100G QSFP28, PicOS®, Rack-level Visibility and Monitoring",10600.0,6 Sold,6,,,,,PicOS® | 1.08Tbps,https://resource.fs.com/mall/mainImg/800x800/20250919104739bo2u5f.jpg,https://www.fs.com/products/346163.html,2026-09-02,https://www.fs.com/c/picos-data-center-switches-5125
391163,S3540L-24P,交换机整机/线卡,Switches,Switches > PicOS® Enterprise Switches,"S3540L-24P, 24 x 1Gb RJ45, 4 x 10Gb SFP+, PicOS®, L2+ Managed PoE+ Switch",749.0,6 Sold,6,,New,,,BCM56150 | L2+ PoE+ | OSPF | 1G RJ45,https://resource.fs.com/mall/mainImg/800x800/20260311171249id3095.jpg,https://www.fs.com/products/391163.html,2026-09-02,https://www.fs.com/c/picos-enterprise-switches-4223
338447,S5470-16Q,交换机整机/线卡,Switches,Switches > PicOS® Enterprise Switches,"S5470-16Q, 16 x 40Gb QSFP+, 8 x 100Gb QSFP28, PicOS®, L3 Managed Switch",5149.0,6 Sold,6,,,,,L3 | EVPN-VXLAN | MLAG | 40G QSFP+,https://resource.fs.com/mall/mainImg/800x800/202508211649168faf2p.jpg,https://www.fs.com/products/338447.html,2026-09-02,https://www.fs.com/c/picos-enterprise-switches-4223
338479,S5440-24T,交换机整机/线卡,Switches,Switches > PicOS® Enterprise Switches,"S5440-24T, 24 x 1Gb RJ45, 8 x 10Gb SFP+, PicOS®, L3 Managed Switch",1069.0,6 Sold,6,,,,,L3 | BGP OSPF | 1G RJ45 | MLAG,https://resource.fs.com/mall/mainImg/800x800/202608041629195bm7du.jpg,https://www.fs.com/products/338479.html,2026-09-02,https://www.fs.com/c/picos-enterprise-switches-4223
324603,IES4100W-8U2FD,交换机整机/线卡,Switches,Switches > Industrial Ethernet Switches,"IES4100W-8U2FD, 8 x 1Gb RJ45, 2 x 1/2.5Gb SFP, L2+ Managed Industrial PoE+ Switch",509.0,5 Sold,5,,,,,L2+ PoE+ | IP30 | PTP | ERPS,https://resource.fs.com/mall/mainImg/800x800/20250828172629ut2enn.jpg,https://www.fs.com/products/324603.html,2026-09-02,https://www.fs.com/c/industrial-ethernet-switches-4073
338449,S5470-48S,交换机整机/线卡,Switches,Switches > PicOS® Enterprise Switches,"S5470-48S, 48 x 10Gb SFP+, 6 x 40Gb QSFP+, PicOS®, L3 Managed Switch",4169.0,4 Sold,4,,,,,L3 | BGP OSPF | MLAG | 10G SFP+,https://resource.fs.com/mall/mainImg/800x800/20250822114751i7t3jh.jpg,https://www.fs.com/products/338449.html,2026-09-02,https://www.fs.com/c/picos-enterprise-switches-4223
206809,S5860-48MG-U (PicOS),交换机整机/线卡,Switches,Switches > PicOS® PoE+ Switches,"S5860-48MG-U, 48 x 5Gb RJ45, 4 x 25Gb SFP28, 2 x 40Gb QSFP+, PicOS®, L3 Managed PoE++ Switch",5669.0,4 Sold,4,1,,,,BCM56170 | L3 PoE++ | BGP OSPF | Perpetual PoE | 5G RJ45 Multi.,https://resource.fs.com/mall/mainImg/800x800/20251029154550j54z1c.jpg,https://www.fs.com/products/206809.html,2026-09-02,https://www.fs.com/c/picos-poe-switches-5585
324607,IES5200W-8U2F4SD,交换机整机/线卡,Switches,Switches > Industrial Ethernet Switches,"IES5200W-8U2F4SD, 8 x 1Gb RJ45, 2 x 1/2.5Gb SFP, 4 x 10Gb SFP+, L3 Managed Industrial PoE++ Switch",1149.0,3 Sold,3,,,,,L3 PoE++ | IP30 | PTP | ERPS,https://resource.fs.com/mall/mainImg/800x800/20250828184315qm5eim.jpg,https://www.fs.com/products/324607.html,2026-09-02,https://www.fs.com/c/industrial-ethernet-switches-4073
369057,S5440H-48MU,交换机整机/线卡,Switches,Switches > Enterprise Switches,"S5440H-48MU, 32 x 2.5Gb RJ45, 16 x 10Gb RJ45, 8 x 25Gb SFP28, L3 Managed PoE++ Switch",3599.0,3 Sold,3,,,,,L3 PoE++ | EVPN-VXLAN | 10G RJ45 Multi. | MLAG,https://resource.fs.com/mall/mainImg/800x800/20260302163102sdeodl.jpg,https://www.fs.com/products/369057.html,2026-09-02,https://www.fs.com/c/enterprise-switches-3079
149852,SC9400-8C-E,交换机整机/线卡,Switches,Switches > Enterprise Switches,"SC9400-8C-E, 8 x 100Gb QSFP28 Line Card for Enterprise Chassis Switch SC9405",5472.0,3 Sold,3,1,,,,TD3-X5 | L3 | BGP OSPF | 100Gb QSFP28 | Stacking | MPLS,https://resource.fs.com/mall/1G-10G-Switches/800x800/20220602181942_369_149852.jpg,https://www.fs.com/products/149852.html,2026-09-02,https://www.fs.com/c/enterprise-switches-3079
409447,N5860-48SC (PicOS),交换机整机/线卡,Switches,Switches > PicOS® Data Center Switches,"N5860-48SC, 48 x 10Gb SFP+, 8 x 100Gb QSFP28, PicOS®, Data Center Switch",5249.0,2 Sold,2,,New,,,TD3-X7 | EVPN-VXLAN | MLAG | EVPN Multihoming,https://resource.fs.com/mall/products/800x800/110478.E.jpg,https://www.fs.com/products/409447.html,2026-09-02,https://www.fs.com/c/picos-data-center-switches-5125
380719,N8610-64DB,交换机整机/线卡,Switches,Switches > PicOS® Data Center Switches,"N8610-64DB, 64 x 400Gb QSFP-DD, PicOS®, Data Center Switch",23999.0,2 Sold,2,,,,,TH4 | RoCEv2 | DLB | Spine/Leaf,https://resource.fs.com/mall/mainImg/800x800/20260331154752crq66l.jpg,https://www.fs.com/products/380719.html,2026-09-02,https://www.fs.com/c/picos-data-center-switches-5125
352157,S5590-64C,交换机整机/线卡,Switches,Switches > PicOS® Enterprise Switches,"S5590-64C, 64 x 100Gb QSFP28, PicOS®, L3 Managed Switch",11900.0,2 Sold,2,,,,,TH2 | L3 | EVPN-VXLAN | 100G QSFP28,https://resource.fs.com/mall/mainImg/800x800/20260804162837s6wtio.jpg,https://www.fs.com/products/352157.html,2026-09-02,https://www.fs.com/c/picos-enterprise-switches-4223
401777,N5580-32C (F2B),交换机整机/线卡,Switches,Switches > PicOS® Data Center Switches,"N5580-32C, 32 x 100Gb QSFP28, PicOS®, Data Center Switch, Front-to-Back Airflow",7919.0,1 Sold,1,,New,,,TD3-X7 | EVPN-VXLAN | MLAG | EVPN Multihoming,https://resource.fs.com/mall/mainImg/800x800/202607081006046cv5zw.jpg,https://www.fs.com/products/401777.html,2026-09-02,https://www.fs.com/c/picos-data-center-switches-5125
397455,S3220-5M,交换机整机/线卡,Switches,Switches > SME Switches,"S3220-5M, 5 x 2.5Gb RJ45, 1 x 10Gb SFP+, L2 Managed Switch",59.0,1 Sold,1,,New,,,Realtek | 10G Uplink | Multi-Gig | Fanless | Compact | VLAN,https://resource.fs.com/mall/mainImg/800x800/20260824105109l9ciwv.jpg,https://www.fs.com/products/397455.html,2026-09-02,https://www.fs.com/c/sme-switches-4235
346165,T5580-48Y8C,交换机整机/线卡,Switches,Switches > PicOS® Data Center Switches,"T5580-48Y8C, 48 x 25G SFP28, 8 x 100G QSFP28, PicOS®, Rack-level Visibility and Monitoring",14500.0,1 Sold,1,,,,,PicOS® | 2Tbps,https://resource.fs.com/mall/mainImg/800x800/202509051027385f9r8a.jpg,https://www.fs.com/products/346165.html,2026-09-02,https://www.fs.com/c/picos-data-center-switches-5125
391165,S3540L-24T,交换机整机/线卡,Switches,Switches > PicOS® Enterprise Switches,"S3540L-24T, 24 x 1Gb RJ45, 4 x 10Gb SFP+, PicOS®, L2+ Managed Switch",419.0,1 Sold,1,,New,,,BCM56150 | L2+ | OSPF | 1G RJ45,https://resource.fs.com/mall/mainImg/800x800/202608270944587qho0l.jpg,https://www.fs.com/products/391165.html,2026-09-02,https://www.fs.com/c/picos-enterprise-switches-4223
186776,S5860-48MG-U,交换机整机/线卡,Switches,Switches > PoE+ Switches,"S5860-48MG-U, 48 x 5Gb RJ45, 4 x 25Gb SFP28, 2 x 40Gb QSFP+, L3 Managed PoE++ Switch",5859.0,1 Sold,1,2,,,,BCM56170 | 90W PoE++ | Multi-Gig | BGP | Stacking | Airware Cloud,https://resource.fs.com/mall/mainImg/800x800/20251029154550j54z1c.jpg,https://www.fs.com/products/186776.html,2026-09-02,https://www.fs.com/c/poe-switches-3150
222987,S3270-48TM (PicOS),交换机整机/线卡,Switches,Switches > PicOS® Enterprise Switches,"S3270-48TM, 48 x 1Gb RJ45, 4 x 1/2.5Gb SFP, PicOS®, L2+ Managed Switch",536.0,1 Sold,1,,,,,BCM53547 | L2+ | OSPF | 1G RJ45,https://resource.fs.com/mall/mainImg/20230413095349dshhl5.jpg,https://www.fs.com/products/222987.html,2026-09-02,https://www.fs.com/c/picos-enterprise-switches-4223
324599,IES5110W-16U4XD,交换机整机/线卡,Switches,Switches > Industrial Ethernet Switches,"IES5110W-16U4XD, 16 x 1Gb M12, 2 x 10Gb M12, 2 x 10Gb Q-ODC, L3 Managed Industrial PoE+ Switch",4599.0,,,,,,,L3 PoE+ | IP40 | PTP | ERPS,https://resource.fs.com/mall/mainImg/800x800/20250828172324v6p774.jpg,https://www.fs.com/products/324599.html,2026-09-02,https://www.fs.com/c/industrial-ethernet-switches-4073
397457,S3220-8M,交换机整机/线卡,Switches,Switches > SME Switches,"S3220-8M, 8 x 2.5Gb RJ45, 1 x 10Gb SFP+, L2 Managed Switch",139.0,,,,New,,,Realtek | 10G Uplink | Multi-Gig | Fanless | Compact | VLAN,https://resource.fs.com/mall/mainImg/800x800/20260824112107ngf4dp.jpg,https://www.fs.com/products/397457.html,2026-09-02,https://www.fs.com/c/sme-switches-4235
324601,IES5120W-16U4XD,交换机整机/线卡,Switches,Switches > Industrial Ethernet Switches,"IES5120W-16U4XD, 16 x 1Gb M12, 2 x 10Gb M12, 2 x 10Gb Q-ODC, L3 Managed Industrial PoE+ Switch",4499.0,,,,,,,L3 PoE+ | IP40 | PTP | ERPS,https://resource.fs.com/mall/mainImg/800x800/202508281724432cgy1o.jpg,https://www.fs.com/products/324601.html,2026-09-02,https://www.fs.com/c/industrial-ethernet-switches-4073
324597,IES5100W-8U8T4XD,交换机整机/线卡,Switches,Switches > Industrial Ethernet Switches,"IES5100W-8U8T4XD, 16 x 1Gb M12, 2 x 10Gb M12, 2 x 10Gb Q-ODC, L3 Managed Industrial PoE+ Switch",4119.0,,,,,,,L3 PoE+ | IP40 | PTP | ERPS,https://resource.fs.com/mall/mainImg/800x800/20250828154853cj9qfj.jpg,https://www.fs.com/products/324597.html,2026-09-02,https://www.fs.com/c/industrial-ethernet-switches-4073
346167,T5580-32C,交换机整机/线卡,Switches,Switches > PicOS® Data Center Switches,"T5580-32C, 32 x 100G QSFP28, 2 x 10G SFP+, PicOS®, Rack-level Visibility and Monitoring",18500.0,,,,,,,PicOS® | 3.2Tbps,https://resource.fs.com/mall/mainImg/800x800/20250905102809kubkit.jpg,https://www.fs.com/products/346167.html,2026-09-02,https://www.fs.com/c/picos-data-center-switches-5125
346169,T8520-32D,交换机整机/线卡,Switches,Switches > PicOS® Data Center Switches,"T8520-32D, 32 x 400G QSFP-DD, PicOS®, Rack-level Visibility and Monitoring",36299.0,,,,,,,PicOS® | 12.8Tbps,https://resource.fs.com/mall/mainImg/800x800/20250919104929ntvgmg.jpg,https://www.fs.com/products/346169.html,2026-09-02,https://www.fs.com/c/picos-data-center-switches-5125
406391,S5580L-48Y,交换机整机/线卡,Switches,Switches > PicOS® Enterprise Switches,"S5580L-48Y, 48 x 25Gb SFP28, 8 x 100Gb QSFP28, PicOS®, L3 Managed Switch",5199.0,,,,New,,,TD3-X7 | L3 | MLAG | 25G SFP28,https://resource.fs.com/mall/mainImg/800x800/20260902094358dtpt0u.jpg,https://www.fs.com/products/406391.html,2026-09-02,https://www.fs.com/c/picos-enterprise-switches-4223
406393,S5580L-32C,交换机整机/线卡,Switches,Switches > PicOS® Enterprise Switches,"S5580L-32C, 32 x 100Gb QSFP28, 2 x 10Gb SFP+, PicOS®, L3 Managed Switch",6599.0,,,,New,,,TD3-X7 | L3 | MLAG | 100G QSFP28,https://resource.fs.com/mall/mainImg/800x800/20260901100233jkfvr9.jpg,https://www.fs.com/products/406393.html,2026-09-02,https://www.fs.com/c/picos-enterprise-switches-4223
352161,S8520-32D,交换机整机/线卡,Switches,Switches > PicOS® Enterprise Switches,"S8520-32D, 32 x 400Gb QSFP-DD, PicOS®, L3 Managed Switch",22399.0,,,,,,,TD4-X11 | L3 | MLAG | 400Gb QSFP-DD,https://resource.fs.com/mall/mainImg/800x800/20251209171148iqe76g.jpg,https://www.fs.com/products/352161.html,2026-09-02,https://www.fs.com/c/picos-enterprise-switches-4223
